Workbook

Sheet Rezumat
A1: Verificarea strategiilor pe jurnalul tău
A2: 450 ture, 2026-05-05 07:00 – 2026-10-21 15:00. Miză: 1 leu pe tură, pe toate numerele strategiei ca un singur bilet.
A4: Cod | B4: Strategie | C4: Numere jucate (medie) | D4: Ture | E4: Nimeriri | F4: Nimerire % | G4: Așteptat din hazard % | H4: Diferență (pp) | I4: Cea mai lungă pauză | J4: Pauze de 8+ ture | K4: Pauze de 10+ ture | L4: Cota | M4: Profit (lei) | N4: Randament %
A5: A | B5: Numerele celor 10 reguli | C5: =AVERAGE(Ture!BL2:BL451) | D5: =COUNT(Ture!B2:B451) | E5: =SUM(Ture!BM2:BM451) | F5: =E5/D5 | G5: =C5/20 | H5: =(F5-G5)*100 | I5: =MAX(Ture!BN2:BN451) | J5: =COUNTIF(Ture!BN2:BN451,8) | K5: =COUNTIF(Ture!BN2:BN451,10) | L5: variază | M5: - | N5: -
A6: B | B6: Cele 9 propuneri | C6: =AVERAGE(Ture!BO2:BO451) | D6: =COUNT(Ture!B2:B451) | E6: =SUM(Ture!BP2:BP451) | F6: =E6/D6 | G6: =C6/20 | H6: =(F6-G6)*100 | I6: =MAX(Ture!BQ2:BQ451) | J6: =COUNTIF(Ture!BQ2:BQ451,8) | K6: =COUNTIF(Ture!BQ2:BQ451,10) | L6: 2.11 | M6: =E6*L6-D6 | N6: =M6/D6
A7: C | B7: Reguli + propuneri până la 9 | C7: =AVERAGE(Ture!BR2:BR451) | D7: =COUNT(Ture!B2:B451) | E7: =SUM(Ture!BS2:BS451) | F7: =E7/D7 | G7: =C7/20 | H7: =(F7-G7)*100 | I7: =MAX(Ture!BT2:BT451) | J7: =COUNTIF(Ture!BT2:BT451,8) | K7: =COUNTIF(Ture!BT2:BT451,10) | L7: 2.11 | M7: =E7*L7-D7 | N7: =M7/D7
A8: D | B8: Reguli + propuneri până la 10 | C8: =AVERAGE(Ture!BU2:BU451) | D8: =COUNT(Ture!B2:B451) | E8: =SUM(Ture!BV2:BV451) | F8: =E8/D8 | G8: =C8/20 | H8: =(F8-G8)*100 | I8: =MAX(Ture!BW2:BW451) | J8: =COUNTIF(Ture!BW2:BW451,8) | K8: =COUNTIF(Ture!BW2:BW451,10) | L8: 1.9 | M8: =E8*L8-D8 | N8: =M8/D8
A9: E | B9: Reguli + propuneri până la 11 | C9: =AVERAGE(Ture!BX2:BX451) | D9: =COUNT(Ture!B2:B451) | E9: =SUM(Ture!BY2:BY451) | F9: =E9/D9 | G9: =C9/20 | H9: =(F9-G9)*100 | I9: =MAX(Ture!BZ2:BZ451) | J9: =COUNTIF(Ture!BZ2:BZ451,8) | K9: =COUNTIF(Ture!BZ2:BZ451,10) | L9: 1.73 | M9: =E9*L9-D9 | N9: =M9/D9
A10: F | B10: Reguli + propuneri până la 12 | C10: =AVERAGE(Ture!CA2:CA451) | D10: =COUNT(Ture!B2:B451) | E10: =SUM(Ture!CB2:CB451) | F10: =E10/D10 | G10: =C10/20 | H10: =(F10-G10)*100 | I10: =MAX(Ture!CC2:CC451) | J10: =COUNTIF(Ture!CC2:CC451,8) | K10: =COUNTIF(Ture!CC2:CC451,10) | L10: 1.58 | M10: =E10*L10-D10 | N10: =M10/D10
A11: Comparație: numere alese la întâmplare (10.000 de simulări pe aceleași rezultate)
A12: Numere | B12: Nimerire % medie | C12: Cea mai lungă pauză (mediană) | D12: Cea mai lungă pauză: 90% din cazuri între
A13: 8 | B13: 0.39989 | C13: 10 | D13: 8 – 15
A14: 9 | B14: 0.45005489 | C14: 9 | D14: 7 – 13
A15: 10 | B15: 0.49986311 | C15: 8 | D15: 6 – 12
A16: 11 | B16: 0.54948511 | C16: 7 | D16: 5 – 10
A17: 12 | B17: 0.60026022 | C17: 6 | D17: 4 – 9
A19: Cum se citește
A20: • Nimerire %: în câte ture numărul ieșit a fost printre numerele strategiei.
A21: • Așteptat din hazard: numere jucate × 5% (o extragere 1–20 perfect aleatoare).
A22: • Pauză: câte ture la rând fără nimerire. „Pauze de 8+” numără câte serii de ratări au ajuns la 8 sau mai mult.
A23: • Cota (celulele galbene, albastre) e cea dată de tine: 9 numere 2,11 · 10 numere 1,90 · 11 numere 1,73 · 12 numere 1,58. O poți modifica; profitul se recalculează.
A24: • Profit: miză 1 leu pe tură (biletul cu toate numerele strategiei), câștig = cota × 1 leu la nimerire.
A25: • Strategiile C–F: întâi numerele regulilor (în ordinea din top, fără dubluri), apoi propunerile notebook-ului, până se adună numărul de numere.
A26: F (12) are uneori mai puțin de 12 numere, când regulile și propunerile se suprapun mult.
A27: • Top-ul regulilor la fiecare tură e calculat doar din turele anterioare (exact ce ai fi primit atunci). Sursa: top_reguli.csv și predictions_log.csv.
A28: • Foaia „Ture” are numerele fiecărei strategii (albastru = date) și formulele de nimerire și pauză.

Sheet Ture
A1: Tura (ora Italiei) | B1: Ieșit | C1: A1 | D1: A2 | E1: A3 | F1: A4 | G1: A5 | H1: A6 | I1: A7 | J1: A8 | K1: A9 | L1: A10 | M1: B1 | N1: B2 | O1: B3 | P1: B4 | Q1: B5 | R1: B6 | S1: B7 | T1: B8 | U1: B9 | V1: C1 | W1: C2 | X1: C3 | Y1: C4 | Z1: C5 | AA1: C6 | AB1: C7 | AC1: C8 | AD1: C9 | AE1: D1 | AF1: D2 | AG1: D3 | AH1: D4 | AI1: D5 | AJ1: D6 | AK1: D7 | AL1: D8 | AM1: D9 | AN1: D10 | AO1: E1 | AP1: E2 | AQ1: E3 | AR1: E4 | AS1: E5 | AT1: E6 | AU1: E7 | AV1: E8 | AW1: E9 | AX1: E10 | AY1: E11 | AZ1: F1 | BA1: F2 | BB1: F3 | BC1: F4 | BD1: F5 | BE1: F6 | BF1: F7 | BG1: F8 | BH1: F9 | BI1: F10 | BJ1: F11 | BK1: F12 | BL1: A nr. distincte | BM1: A nimerit | BN1: A pauză | BO1: B nr. distincte | BP1: B nimerit | BQ1: B pauză | BR1: C nr. distincte | BS1: C nimerit | BT1: C pauză | BU1: D nr. distincte | BV1: D nimerit | BW1: D pauză | BX1: E nr. distincte | BY1: E nimerit | BZ1: E pauză | CA1: F nr. distincte | CB1: F nimerit | CC1: F pauză
A2: 2026-05-05 07:00 | B2: 5 | C2: 10 | D2: 3 | E2: 10 | F2: 1 | G2: 3 | H2: 4 | I2: 9 | J2: 5 | K2: 12 | L2: 7 | M2: 8 | N2: 13 | O2: 15 | P2: 20 | Q2: 17 | R2: 10 | S2: 2 | T2: 5 | U2: 7 | V2: 10 | W2: 3 | X2: 1 | Y2: 4 | Z2: 9 | AA2: 5 | AB2: 12 | AC2: 7 | AD2: 8 | AE2: 10 | AF2: 3 | AG2: 1 | AH2: 4 | AI2: 9 | AJ2: 5 | AK2: 12 | AL2: 7 | AM2: 8 | AN2: 13 | AO2: 10 | AP2: 3 | AQ2: 1 | AR2: 4 | AS2: 9 | AT2: 5 | AU2: 12 | AV2: 7 | AW2: 8 | AX2: 13 | AY2: 15 | AZ2: 10 | BA2: 3 | BB2: 1 | BC2: 4 | BD2: 9 | BE2: 5 | BF2: 12 | BG2: 7 | BH2: 8 | BI2: 13 | BJ2: 15 | BK2: 20 | BL2: =(COUNTIF(C2:L2,1)>0)+(COUNTIF(C2:L2,2)>0)+(COUNTIF(C2:L2,3)>0)+(COUNTIF(C2:L2,4)>0)+(COUNTIF(C2:L2,5)>0)+(COUNTIF(C2:L2,6)>0)+(COUNTIF(C2:L2,7)>0)+(COUNTIF(C2:L2,8)>0)+(COUNTIF(C2:L2,9)>0)+(COUNTIF(C2:L2,10)>0)+(COUNTIF(C2:L2,11)>0)+(COUNTIF(C2:L2,12)>0)+(COUNTIF(C2:L2,13)>0)+(COUNTIF(C2:L2,14)>0)+(COUNTIF(C2:L2,15)>0)+(COUNTIF(C2:L2,16)>0)+(COUNTIF(C2:L2,17)>0)+(COUNTIF(C2:L2,18)>0)+(COUNTIF(C2:L2,19)>0)+(COUNTIF(C2:L2,20)>0) | BM2: =IF(ISNUMBER(MATCH($B2,C2:L2,0)),1,0) | BN2: =IF(BM2=1,0,0+1) | BO2: =(COUNTIF(M2:U2,1)>0)+(COUNTIF(M2:U2,2)>0)+(COUNTIF(M2:U2,3)>0)+(COUNTIF(M2:U2,4)>0)+(COUNTIF(M2:U2,5)>0)+(COUNTIF(M2:U2,6)>0)+(COUNTIF(M2:U2,7)>0)+(COUNTIF(M2:U2,8)>0)+(COUNTIF(M2:U2,9)>0)+(COUNTIF(M2:U2,10)>0)+(COUNTIF(M2:U2,11)>0)+(COUNTIF(M2:U2,12)>0)+(COUNTIF(M2:U2,13)>0)+(COUNTIF(M2:U2,14)>0)+(COUNTIF(M2:U2,15)>0)+(COUNTIF(M2:U2,16)>0)+(COUNTIF(M2:U2,17)>0)+(COUNTIF(M2:U2,18)>0)+(COUNTIF(M2:U2,19)>0)+(COUNTIF(M2:U2,20)>0) | BP2: =IF(ISNUMBER(MATCH($B2,M2:U2,0)),1,0) | BQ2: =IF(BP2=1,0,0+1) | BR2: =(COUNTIF(V2:AD2,1)>0)+(COUNTIF(V2:AD2,2)>0)+(COUNTIF(V2:AD2,3)>0)+(COUNTIF(V2:AD2,4)>0)+(COUNTIF(V2:AD2,5)>0)+(COUNTIF(V2:AD2,6)>0)+(COUNTIF(V2:AD2,7)>0)+(COUNTIF(V2:AD2,8)>0)+(COUNTIF(V2:AD2,9)>0)+(COUNTIF(V2:AD2,10)>0)+(COUNTIF(V2:AD2,11)>0)+(COUNTIF(V2:AD2,12)>0)+(COUNTIF(V2:AD2,13)>0)+(COUNTIF(V2:AD2,14)>0)+(COUNTIF(V2:AD2,15)>0)+(COUNTIF(V2:AD2,16)>0)+(COUNTIF(V2:AD2,17)>0)+(COUNTIF(V2:AD2,18)>0)+(COUNTIF(V2:AD2,19)>0)+(COUNTIF(V2:AD2,20)>0) | BS2: =IF(ISNUMBER(MATCH($B2,V2:AD2,0)),1,0) | BT2: =IF(BS2=1,0,0+1) | BU2: =(COUNTIF(AE2:AN2,1)>0)+(COUNTIF(AE2:AN2,2)>0)+(COUNTIF(AE2:AN2,3)>0)+(COUNTIF(AE2:AN2,4)>0)+(COUNTIF(AE2:AN2,5)>0)+(COUNTIF(AE2:AN2,6)>0)+(COUNTIF(AE2:AN2,7)>0)+(COUNTIF(AE2:AN2,8)>0)+(COUNTIF(AE2:AN2,9)>0)+(COUNTIF(AE2:AN2,10)>0)+(COUNTIF(AE2:AN2,11)>0)+(COUNTIF(AE2:AN2,12)>0)+(COUNTIF(AE2:AN2,13)>0)+(COUNTIF(AE2:AN2,14)>0)+(COUNTIF(AE2:AN2,15)>0)+(COUNTIF(AE2:AN2,16)>0)+(COUNTIF(AE2:AN2,17)>0)+(COUNTIF(AE2:AN2,18)>0)+(COUNTIF(AE2:AN2,19)>0)+(COUNTIF(AE2:AN2,20)>0) | BV2: =IF(ISNUMBER(MATCH($B2,AE2:AN2,0)),1,0) | BW2: =IF(BV2=1,0,0+1) | BX2: =(COUNTIF(AO2:AY2,1)>0)+(COUNTIF(AO2:AY2,2)>0)+(COUNTIF(AO2:AY2,3)>0)+(COUNTIF(AO2:AY2,4)>0)+(COUNTIF(AO2:AY2,5)>0)+(COUNTIF(AO2:AY2,6)>0)+(COUNTIF(AO2:AY2,7)>0)+(COUNTIF(AO2:AY2,8)>0)+(COUNTIF(AO2:AY2,9)>0)+(COUNTIF(AO2:AY2,10)>0)+(COUNTIF(AO2:AY2,11)>0)+(COUNTIF(AO2:AY2,12)>0)+(COUNTIF(AO2:AY2,13)>0)+(COUNTIF(AO2:AY2,14)>0)+(COUNTIF(AO2:AY2,15)>0)+(COUNTIF(AO2:AY2,16)>0)+(COUNTIF(AO2:AY2,17)>0)+(COUNTIF(AO2:AY2,18)>0)+(COUNTIF(AO2:AY2,19)>0)+(COUNTIF(AO2:AY2,20)>0) | BY2: =IF(ISNUMBER(MATCH($B2,AO2:AY2,0)),1,0) | BZ2: =IF(BY2=1,0,0+1) | CA2: =(COUNTIF(AZ2:BK2,1)>0)+(COUNTIF(AZ2:BK2,2)>0)+(COUNTIF(AZ2:BK2,3)>0)+(COUNTIF(AZ2:BK2,4)>0)+(COUNTIF(AZ2:BK2,5)>0)+(COUNTIF(AZ2:BK2,6)>0)+(COUNTIF(AZ2:BK2,7)>0)+(COUNTIF(AZ2:BK2,8)>0)+(COUNTIF(AZ2:BK2,9)>0)+(COUNTIF(AZ2:BK2,10)>0)+(COUNTIF(AZ2:BK2,11)>0)+(COUNTIF(AZ2:BK2,12)>0)+(COUNTIF(AZ2:BK2,13)>0)+(COUNTIF(AZ2:BK2,14)>0)+(COUNTIF(AZ2:BK2,15)>0)+(COUNTIF(AZ2:BK2,16)>0)+(COUNTIF(AZ2:BK2,17)>0)+(COUNTIF(AZ2:BK2,18)>0)+(COUNTIF(AZ2:BK2,19)>0)+(COUNTIF(AZ2:BK2,20)>0) | CB2: =IF(ISNUMBER(MATCH($B2,AZ2:BK2,0)),1,0) | CC2: =IF(CB2=1,0,0+1)
A3: 2026-05-05 08:00 | B3: 9 | C3: 9 | D3: 9 | E3: 1 | F3: 1 | G3: 7 | H3: 12 | I3: 8 | J3: 15 | K3: 16 | L3: 15 | M3: 19 | N3: 17 | O3: 18 | P3: 13 | Q3: 3 | R3: 11 | S3: 4 | T3: 5 | U3: 2 | V3: 9 | W3: 1 | X3: 7 | Y3: 12 | Z3: 8 | AA3: 15 | AB3: 16 | AC3: 19 | AD3: 17 | AE3: 9 | AF3: 1 | AG3: 7 | AH3: 12 | AI3: 8 | AJ3: 15 | AK3: 16 | AL3: 19 | AM3: 17 | AN3: 18 | AO3: 9 | AP3: 1 | AQ3: 7 | AR3: 12 | AS3: 8 | AT3: 15 | AU3: 16 | AV3: 19 | AW3: 17 | AX3: 18 | AY3: 13 | AZ3: 9 | BA3: 1 | BB3: 7 | BC3: 12 | BD3: 8 | BE3: 15 | BF3: 16 | BG3: 19 | BH3: 17 | BI3: 18 | BJ3: 13 | BK3: 3 | BL3: =(COUNTIF(C3:L3,1)>0)+(COUNTIF(C3:L3,2)>0)+(COUNTIF(C3:L3,3)>0)+(COUNTIF(C3:L3,4)>0)+(COUNTIF(C3:L3,5)>0)+(COUNTIF(C3:L3,6)>0)+(COUNTIF(C3:L3,7)>0)+(COUNTIF(C3:L3,8)>0)+(COUNTIF(C3:L3,9)>0)+(COUNTIF(C3:L3,10)>0)+(COUNTIF(C3:L3,11)>0)+(COUNTIF(C3:L3,12)>0)+(COUNTIF(C3:L3,13)>0)+(COUNTIF(C3:L3,14)>0)+(COUNTIF(C3:L3,15)>0)+(COUNTIF(C3:L3,16)>0)+(COUNTIF(C3:L3,17)>0)+(COUNTIF(C3:L3,18)>0)+(COUNTIF(C3:L3,19)>0)+(COUNTIF(C3:L3,20)>0) | BM3: =IF(ISNUMBER(MATCH($B3,C3:L3,0)),1,0) | BN3: =IF(BM3=1,0,BN2+1) | BO3: =(COUNTIF(M3:U3,1)>0)+(COUNTIF(M3:U3,2)>0)+(COUNTIF(M3:U3,3)>0)+(COUNTIF(M3:U3,4)>0)+(COUNTIF(M3:U3,5)>0)+(COUNTIF(M3:U3,6)>0)+(COUNTIF(M3:U3,7)>0)+(COUNTIF(M3:U3,8)>0)+(COUNTIF(M3:U3,9)>0)+(COUNTIF(M3:U3,10)>0)+(COUNTIF(M3:U3,11)>0)+(COUNTIF(M3:U3,12)>0)+(COUNTIF(M3:U3,13)>0)+(COUNTIF(M3:U3,14)>0)+(COUNTIF(M3:U3,15)>0)+(COUNTIF(M3:U3,16)>0)+(COUNTIF(M3:U3,17)>0)+(COUNTIF(M3:U3,18)>0)+(COUNTIF(M3:U3,19)>0)+(COUNTIF(M3:U3,20)>0) | BP3: =IF(ISNUMBER(MATCH($B3,M3:U3,0)),1,0) | BQ3: =IF(BP3=1,0,BQ2+1) | BR3: =(COUNTIF(V3:AD3,1)>0)+(COUNTIF(V3:AD3,2)>0)+(COUNTIF(V3:AD3,3)>0)+(COUNTIF(V3:AD3,4)>0)+(COUNTIF(V3:AD3,5)>0)+(COUNTIF(V3:AD3,6)>0)+(COUNTIF(V3:AD3,7)>0)+(COUNTIF(V3:AD3,8)>0)+(COUNTIF(V3:AD3,9)>0)+(COUNTIF(V3:AD3,10)>0)+(COUNTIF(V3:AD3,11)>0)+(COUNTIF(V3:AD3,12)>0)+(COUNTIF(V3:AD3,13)>0)+(COUNTIF(V3:AD3,14)>0)+(COUNTIF(V3:AD3,15)>0)+(COUNTIF(V3:AD3,16)>0)+(COUNTIF(V3:AD3,17)>0)+(COUNTIF(V3:AD3,18)>0)+(COUNTIF(V3:AD3,19)>0)+(COUNTIF(V3:AD3,20)>0) | BS3: =IF(ISNUMBER(MATCH($B3,V3:AD3,0)),1,0) | BT3: =IF(BS3=1,0,BT2+1) | BU3: =(COUNTIF(AE3:AN3,1)>0)+(COUNTIF(AE3:AN3,2)>0)+(COUNTIF(AE3:AN3,3)>0)+(COUNTIF(AE3:AN3,4)>0)+(COUNTIF(AE3:AN3,5)>0)+(COUNTIF(AE3:AN3,6)>0)+(COUNTIF(AE3:AN3,7)>0)+(COUNTIF(AE3:AN3,8)>0)+(COUNTIF(AE3:AN3,9)>0)+(COUNTIF(AE3:AN3,10)>0)+(COUNTIF(AE3:AN3,11)>0)+(COUNTIF(AE3:AN3,12)>0)+(COUNTIF(AE3:AN3,13)>0)+(COUNTIF(AE3:AN3,14)>0)+(COUNTIF(AE3:AN3,15)>0)+(COUNTIF(AE3:AN3,16)>0)+(COUNTIF(AE3:AN3,17)>0)+(COUNTIF(AE3:AN3,18)>0)+(COUNTIF(AE3:AN3,19)>0)+(COUNTIF(AE3:AN3,20)>0) | BV3: =IF(ISNUMBER(MATCH($B3,AE3:AN3,0)),1,0) | BW3: =IF(BV3=1,0,BW2+1) | BX3: =(COUNTIF(AO3:AY3,1)>0)+(COUNTIF(AO3:AY3,2)>0)+(COUNTIF(AO3:AY3,3)>0)+(COUNTIF(AO3:AY3,4)>0)+(COUNTIF(AO3:AY3,5)>0)+(COUNTIF(AO3:AY3,6)>0)+(COUNTIF(AO3:AY3,7)>0)+(COUNTIF(AO3:AY3,8)>0)+(COUNTIF(AO3:AY3,9)>0)+(COUNTIF(AO3:AY3,10)>0)+(COUNTIF(AO3:AY3,11)>0)+(COUNTIF(AO3:AY3,12)>0)+(COUNTIF(AO3:AY3,13)>0)+(COUNTIF(AO3:AY3,14)>0)+(COUNTIF(AO3:AY3,15)>0)+(COUNTIF(AO3:AY3,16)>0)+(COUNTIF(AO3:AY3,17)>0)+(COUNTIF(AO3:AY3,18)>0)+(COUNTIF(AO3:AY3,19)>0)+(COUNTIF(AO3:AY3,20)>0) | BY3: =IF(ISNUMBER(MATCH($B3,AO3:AY3,0)),1,0) | BZ3: =IF(BY3=1,0,BZ2+1) | CA3: =(COUNTIF(AZ3:BK3,1)>0)+(COUNTIF(AZ3:BK3,2)>0)+(COUNTIF(AZ3:BK3,3)>0)+(COUNTIF(AZ3:BK3,4)>0)+(COUNTIF(AZ3:BK3,5)>0)+(COUNTIF(AZ3:BK3,6)>0)+(COUNTIF(AZ3:BK3,7)>0)+(COUNTIF(AZ3:BK3,8)>0)+(COUNTIF(AZ3:BK3,9)>0)+(COUNTIF(AZ3:BK3,10)>0)+(COUNTIF(AZ3:BK3,11)>0)+(COUNTIF(AZ3:BK3,12)>0)+(COUNTIF(AZ3:BK3,13)>0)+(COUNTIF(AZ3:BK3,14)>0)+(COUNTIF(AZ3:BK3,15)>0)+(COUNTIF(AZ3:BK3,16)>0)+(COUNTIF(AZ3:BK3,17)>0)+(COUNTIF(AZ3:BK3,18)>0)+(COUNTIF(AZ3:BK3,19)>0)+(COUNTIF(AZ3:BK3,20)>0) | CB3: =IF(ISNUMBER(MATCH($B3,AZ3:BK3,0)),1,0) | CC3: =IF(CB3=1,0,CC2+1)
A4: 2026-05-05 09:00 | B4: 5 | C4: 4 | D4: 17 | E4: 16 | F4: 5 | G4: 17 | H4: 19 | I4: 10 | J4: 7 | K4: 5 | L4: 1 | M4: 4 | N4: 8 | O4: 20 | P4: 5 | Q4: 11 | R4: 14 | S4: 7 | T4: 16 | U4: 3 | V4: 4 | W4: 17 | X4: 16 | Y4: 5 | Z4: 19 | AA4: 10 | AB4: 7 | AC4: 1 | AD4: 8 | AE4: 4 | AF4: 17 | AG4: 16 | AH4: 5 | AI4: 19 | AJ4: 10 | AK4: 7 | AL4: 1 | AM4: 8 | AN4: 20 | AO4: 4 | AP4: 17 | AQ4: 16 | AR4: 5 | AS4: 19 | AT4: 10 | AU4: 7 | AV4: 1 | AW4: 8 | AX4: 20 | AY4: 11 | AZ4: 4 | BA4: 17 | BB4: 16 | BC4: 5 | BD4: 19 | BE4: 10 | BF4: 7 | BG4: 1 | BH4: 8 | BI4: 20 | BJ4: 11 | BK4: 14 | BL4: =(COUNTIF(C4:L4,1)>0)+(COUNTIF(C4:L4,2)>0)+(COUNTIF(C4:L4,3)>0)+(COUNTIF(C4:L4,4)>0)+(COUNTIF(C4:L4,5)>0)+(COUNTIF(C4:L4,6)>0)+(COUNTIF(C4:L4,7)>0)+(COUNTIF(C4:L4,8)>0)+(COUNTIF(C4:L4,9)>0)+(COUNTIF(C4:L4,10)>0)+(COUNTIF(C4:L4,11)>0)+(COUNTIF(C4:L4,12)>0)+(COUNTIF(C4:L4,13)>0)+(COUNTIF(C4:L4,14)>0)+(COUNTIF(C4:L4,15)>0)+(COUNTIF(C4:L4,16)>0)+(COUNTIF(C4:L4,17)>0)+(COUNTIF(C4:L4,18)>0)+(COUNTIF(C4:L4,19)>0)+(COUNTIF(C4:L4,20)>0) | BM4: =IF(ISNUMBER(MATCH($B4,C4:L4,0)),1,0) | BN4: =IF(BM4=1,0,BN3+1) | BO4: =(COUNTIF(M4:U4,1)>0)+(COUNTIF(M4:U4,2)>0)+(COUNTIF(M4:U4,3)>0)+(COUNTIF(M4:U4,4)>0)+(COUNTIF(M4:U4,5)>0)+(COUNTIF(M4:U4,6)>0)+(COUNTIF(M4:U4,7)>0)+(COUNTIF(M4:U4,8)>0)+(COUNTIF(M4:U4,9)>0)+(COUNTIF(M4:U4,10)>0)+(COUNTIF(M4:U4,11)>0)+(COUNTIF(M4:U4,12)>0)+(COUNTIF(M4:U4,13)>0)+(COUNTIF(M4:U4,14)>0)+(COUNTIF(M4:U4,15)>0)+(COUNTIF(M4:U4,16)>0)+(COUNTIF(M4:U4,17)>0)+(COUNTIF(M4:U4,18)>0)+(COUNTIF(M4:U4,19)>0)+(COUNTIF(M4:U4,20)>0) | BP4: =IF(ISNUMBER(MATCH($B4,M4:U4,0)),1,0) | BQ4: =IF(BP4=1,0,BQ3+1) | BR4: =(COUNTIF(V4:AD4,1)>0)+(COUNTIF(V4:AD4,2)>0)+(COUNTIF(V4:AD4,3)>0)+(COUNTIF(V4:AD4,4)>0)+(COUNTIF(V4:AD4,5)>0)+(COUNTIF(V4:AD4,6)>0)+(COUNTIF(V4:AD4,7)>0)+(COUNTIF(V4:AD4,8)>0)+(COUNTIF(V4:AD4,9)>0)+(COUNTIF(V4:AD4,10)>0)+(COUNTIF(V4:AD4,11)>0)+(COUNTIF(V4:AD4,12)>0)+(COUNTIF(V4:AD4,13)>0)+(COUNTIF(V4:AD4,14)>0)+(COUNTIF(V4:AD4,15)>0)+(COUNTIF(V4:AD4,16)>0)+(COUNTIF(V4:AD4,17)>0)+(COUNTIF(V4:AD4,18)>0)+(COUNTIF(V4:AD4,19)>0)+(COUNTIF(V4:AD4,20)>0) | BS4: =IF(ISNUMBER(MATCH($B4,V4:AD4,0)),1,0) | BT4: =IF(BS4=1,0,BT3+1) | BU4: =(COUNTIF(AE4:AN4,1)>0)+(COUNTIF(AE4:AN4,2)>0)+(COUNTIF(AE4:AN4,3)>0)+(COUNTIF(AE4:AN4,4)>0)+(COUNTIF(AE4:AN4,5)>0)+(COUNTIF(AE4:AN4,6)>0)+(COUNTIF(AE4:AN4,7)>0)+(COUNTIF(AE4:AN4,8)>0)+(COUNTIF(AE4:AN4,9)>0)+(COUNTIF(AE4:AN4,10)>0)+(COUNTIF(AE4:AN4,11)>0)+(COUNTIF(AE4:AN4,12)>0)+(COUNTIF(AE4:AN4,13)>0)+(COUNTIF(AE4:AN4,14)>0)+(COUNTIF(AE4:AN4,15)>0)+(COUNTIF(AE4:AN4,16)>0)+(COUNTIF(AE4:AN4,17)>0)+(COUNTIF(AE4:AN4,18)>0)+(COUNTIF(AE4:AN4,19)>0)+(COUNTIF(AE4:AN4,20)>0) | BV4: =IF(ISNUMBER(MATCH($B4,AE4:AN4,0)),1,0) | BW4: =IF(BV4=1,0,BW3+1) | BX4: =(COUNTIF(AO4:AY4,1)>0)+(COUNTIF(AO4:AY4,2)>0)+(COUNTIF(AO4:AY4,3)>0)+(COUNTIF(AO4:AY4,4)>0)+(COUNTIF(AO4:AY4,5)>0)+(COUNTIF(AO4:AY4,6)>0)+(COUNTIF(AO4:AY4,7)>0)+(COUNTIF(AO4:AY4,8)>0)+(COUNTIF(AO4:AY4,9)>0)+(COUNTIF(AO4:AY4,10)>0)+(COUNTIF(AO4:AY4,11)>0)+(COUNTIF(AO4:AY4,12)>0)+(COUNTIF(AO4:AY4,13)>0)+(COUNTIF(AO4:AY4,14)>0)+(COUNTIF(AO4:AY4,15)>0)+(COUNTIF(AO4:AY4,16)>0)+(COUNTIF(AO4:AY4,17)>0)+(COUNTIF(AO4:AY4,18)>0)+(COUNTIF(AO4:AY4,19)>0)+(COUNTIF(AO4:AY4,20)>0) | BY4: =IF(ISNUMBER(MATCH($B4,AO4:AY4,0)),1,0) | BZ4: =IF(BY4=1,0,BZ3+1) | CA4: =(COUNTIF(AZ4:BK4,1)>0)+(COUNTIF(AZ4:BK4,2)>0)+(COUNTIF(AZ4:BK4,3)>0)+(COUNTIF(AZ4:BK4,4)>0)+(COUNTIF(AZ4:BK4,5)>0)+(COUNTIF(AZ4:BK4,6)>0)+(COUNTIF(AZ4:BK4,7)>0)+(COUNTIF(AZ4:BK4,8)>0)+(COUNTIF(AZ4:BK4,9)>0)+(COUNTIF(AZ4:BK4,10)>0)+(COUNTIF(AZ4:BK4,11)>0)+(COUNTIF(AZ4:BK4,12)>0)+(COUNTIF(AZ4:BK4,13)>0)+(COUNTIF(AZ4:BK4,14)>0)+(COUNTIF(AZ4:BK4,15)>0)+(COUNTIF(AZ4:BK4,16)>0)+(COUNTIF(AZ4:BK4,17)>0)+(COUNTIF(AZ4:BK4,18)>0)+(COUNTIF(AZ4:BK4,19)>0)+(COUNTIF(AZ4:BK4,20)>0) | CB4: =IF(ISNUMBER(MATCH($B4,AZ4:BK4,0)),1,0) | CC4: =IF(CB4=1,0,CC3+1)
A5: 2026-05-05 10:00 | B5: 17 | C5: 19 | D5: 19 | E5: 11 | F5: 11 | G5: 15 | H5: 13 | I5: 15 | J5: 14 | K5: 15 | L5: 15 | M5: 17 | N5: 14 | O5: 15 | P5: 19 | Q5: 13 | R5: 2 | S5: 20 | T5: 11 | U5: 5 | V5: 19 | W5: 11 | X5: 15 | Y5: 13 | Z5: 14 | AA5: 17 | AB5: 2 | AC5: 20 | AD5: 5 | AE5: 19 | AF5: 11 | AG5: 15 | AH5: 13 | AI5: 14 | AJ5: 17 | AK5: 2 | AL5: 20 | AM5: 5 | AO5: 19 | AP5: 11 | AQ5: 15 | AR5: 13 | AS5: 14 | AT5: 17 | AU5: 2 | AV5: 20 | AW5: 5 | AZ5: 19 | BA5: 11 | BB5: 15 | BC5: 13 | BD5: 14 | BE5: 17 | BF5: 2 | BG5: 20 | BH5: 5 | BL5: =(COUNTIF(C5:L5,1)>0)+(COUNTIF(C5:L5,2)>0)+(COUNTIF(C5:L5,3)>0)+(COUNTIF(C5:L5,4)>0)+(COUNTIF(C5:L5,5)>0)+(COUNTIF(C5:L5,6)>0)+(COUNTIF(C5:L5,7)>0)+(COUNTIF(C5:L5,8)>0)+(COUNTIF(C5:L5,9)>0)+(COUNTIF(C5:L5,10)>0)+(COUNTIF(C5:L5,11)>0)+(COUNTIF(C5:L5,12)>0)+(COUNTIF(C5:L5,13)>0)+(COUNTIF(C5:L5,14)>0)+(COUNTIF(C5:L5,15)>0)+(COUNTIF(C5:L5,16)>0)+(COUNTIF(C5:L5,17)>0)+(COUNTIF(C5:L5,18)>0)+(COUNTIF(C5:L5,19)>0)+(COUNTIF(C5:L5,20)>0) | BM5: =IF(ISNUMBER(MATCH($B5,C5:L5,0)),1,0) | BN5: =IF(BM5=1,0,BN4+1) | BO5: =(COUNTIF(M5:U5,1)>0)+(COUNTIF(M5:U5,2)>0)+(COUNTIF(M5:U5,3)>0)+(COUNTIF(M5:U5,4)>0)+(COUNTIF(M5:U5,5)>0)+(COUNTIF(M5:U5,6)>0)+(COUNTIF(M5:U5,7)>0)+(COUNTIF(M5:U5,8)>0)+(COUNTIF(M5:U5,9)>0)+(COUNTIF(M5:U5,10)>0)+(COUNTIF(M5:U5,11)>0)+(COUNTIF(M5:U5,12)>0)+(COUNTIF(M5:U5,13)>0)+(COUNTIF(M5:U5,14)>0)+(COUNTIF(M5:U5,15)>0)+(COUNTIF(M5:U5,16)>0)+(COUNTIF(M5:U5,17)>0)+(COUNTIF(M5:U5,18)>0)+(COUNTIF(M5:U5,19)>0)+(COUNTIF(M5:U5,20)>0) | BP5: =IF(ISNUMBER(MATCH($B5,M5:U5,0)),1,0) | BQ5: =IF(BP5=1,0,BQ4+1) | BR5: =(COUNTIF(V5:AD5,1)>0)+(COUNTIF(V5:AD5,2)>0)+(COUNTIF(V5:AD5,3)>0)+(COUNTIF(V5:AD5,4)>0)+(COUNTIF(V5:AD5,5)>0)+(COUNTIF(V5:AD5,6)>0)+(COUNTIF(V5:AD5,7)>0)+(COUNTIF(V5:AD5,8)>0)+(COUNTIF(V5:AD5,9)>0)+(COUNTIF(V5:AD5,10)>0)+(COUNTIF(V5:AD5,11)>0)+(COUNTIF(V5:AD5,12)>0)+(COUNTIF(V5:AD5,13)>0)+(COUNTIF(V5:AD5,14)>0)+(COUNTIF(V5:AD5,15)>0)+(COUNTIF(V5:AD5,16)>0)+(COUNTIF(V5:AD5,17)>0)+(COUNTIF(V5:AD5,18)>0)+(COUNTIF(V5:AD5,19)>0)+(COUNTIF(V5:AD5,20)>0) | BS5: =IF(ISNUMBER(MATCH($B5,V5:AD5,0)),1,0) | BT5: =IF(BS5=1,0,BT4+1) | BU5: =(COUNTIF(AE5:AN5,1)>0)+(COUNTIF(AE5:AN5,2)>0)+(COUNTIF(AE5:AN5,3)>0)+(COUNTIF(AE5:AN5,4)>0)+(COUNTIF(AE5:AN5,5)>0)+(COUNTIF(AE5:AN5,6)>0)+(COUNTIF(AE5:AN5,7)>0)+(COUNTIF(AE5:AN5,8)>0)+(COUNTIF(AE5:AN5,9)>0)+(COUNTIF(AE5:AN5,10)>0)+(COUNTIF(AE5:AN5,11)>0)+(COUNTIF(AE5:AN5,12)>0)+(COUNTIF(AE5:AN5,13)>0)+(COUNTIF(AE5:AN5,14)>0)+(COUNTIF(AE5:AN5,15)>0)+(COUNTIF(AE5:AN5,16)>0)+(COUNTIF(AE5:AN5,17)>0)+(COUNTIF(AE5:AN5,18)>0)+(COUNTIF(AE5:AN5,19)>0)+(COUNTIF(AE5:AN5,20)>0) | BV5: =IF(ISNUMBER(MATCH($B5,AE5:AN5,0)),1,0) | BW5: =IF(BV5=1,0,BW4+1) | BX5: =(COUNTIF(AO5:AY5,1)>0)+(COUNTIF(AO5:AY5,2)>0)+(COUNTIF(AO5:AY5,3)>0)+(COUNTIF(AO5:AY5,4)>0)+(COUNTIF(AO5:AY5,5)>0)+(COUNTIF(AO5:AY5,6)>0)+(COUNTIF(AO5:AY5,7)>0)+(COUNTIF(AO5:AY5,8)>0)+(COUNTIF(AO5:AY5,9)>0)+(COUNTIF(AO5:AY5,10)>0)+(COUNTIF(AO5:AY5,11)>0)+(COUNTIF(AO5:AY5,12)>0)+(COUNTIF(AO5:AY5,13)>0)+(COUNTIF(AO5:AY5,14)>0)+(COUNTIF(AO5:AY5,15)>0)+(COUNTIF(AO5:AY5,16)>0)+(COUNTIF(AO5:AY5,17)>0)+(COUNTIF(AO5:AY5,18)>0)+(COUNTIF(AO5:AY5,19)>0)+(COUNTIF(AO5:AY5,20)>0) | BY5: =IF(ISNUMBER(MATCH($B5,AO5:AY5,0)),1,0) | BZ5: =IF(BY5=1,0,BZ4+1) | CA5: =(COUNTIF(AZ5:BK5,1)>0)+(COUNTIF(AZ5:BK5,2)>0)+(COUNTIF(AZ5:BK5,3)>0)+(COUNTIF(AZ5:BK5,4)>0)+(COUNTIF(AZ5:BK5,5)>0)+(COUNTIF(AZ5:BK5,6)>0)+(COUNTIF(AZ5:BK5,7)>0)+(COUNTIF(AZ5:BK5,8)>0)+(COUNTIF(AZ5:BK5,9)>0)+(COUNTIF(AZ5:BK5,10)>0)+(COUNTIF(AZ5:BK5,11)>0)+(COUNTIF(AZ5:BK5,12)>0)+(COUNTIF(AZ5:BK5,13)>0)+(COUNTIF(AZ5:BK5,14)>0)+(COUNTIF(AZ5:BK5,15)>0)+(COUNTIF(AZ5:BK5,16)>0)+(COUNTIF(AZ5:BK5,17)>0)+(COUNTIF(AZ5:BK5,18)>0)+(COUNTIF(AZ5:BK5,19)>0)+(COUNTIF(AZ5:BK5,20)>0) | CB5: =IF(ISNUMBER(MATCH($B5,AZ5:BK5,0)),1,0) | CC5: =IF(CB5=1,0,CC4+1)
A6: 2026-05-05 11:00 | B6: 10 | C6: 15 | D6: 8 | E6: 9 | F6: 6 | G6: 10 | H6: 19 | I6: 20 | J6: 11 | K6: 11 | L6: 3 | M6: 5 | N6: 20 | O6: 19 | P6: 8 | Q6: 2 | R6: 13 | S6: 11 | T6: 15 | U6: 6 | V6: 15 | W6: 8 | X6: 9 | Y6: 6 | Z6: 10 | AA6: 19 | AB6: 20 | AC6: 11 | AD6: 3 | AE6: 15 | AF6: 8 | AG6: 9 | AH6: 6 | AI6: 10 | AJ6: 19 | AK6: 20 | AL6: 11 | AM6: 3 | AN6: 5 | AO6: 15 | AP6: 8 | AQ6: 9 | AR6: 6 | AS6: 10 | AT6: 19 | AU6: 20 | AV6: 11 | AW6: 3 | AX6: 5 | AY6: 2 | AZ6: 15 | BA6: 8 | BB6: 9 | BC6: 6 | BD6: 10 | BE6: 19 | BF6: 20 | BG6: 11 | BH6: 3 | BI6: 5 | BJ6: 2 | BK6: 13 | BL6: =(COUNTIF(C6:L6,1)>0)+(COUNTIF(C6:L6,2)>0)+(COUNTIF(C6:L6,3)>0)+(COUNTIF(C6:L6,4)>0)+(COUNTIF(C6:L6,5)>0)+(COUNTIF(C6:L6,6)>0)+(COUNTIF(C6:L6,7)>0)+(COUNTIF(C6:L6,8)>0)+(COUNTIF(C6:L6,9)>0)+(COUNTIF(C6:L6,10)>0)+(COUNTIF(C6:L6,11)>0)+(COUNTIF(C6:L6,12)>0)+(COUNTIF(C6:L6,13)>0)+(COUNTIF(C6:L6,14)>0)+(COUNTIF(C6:L6,15)>0)+(COUNTIF(C6:L6,16)>0)+(COUNTIF(C6:L6,17)>0)+(COUNTIF(C6:L6,18)>0)+(COUNTIF(C6:L6,19)>0)+(COUNTIF(C6:L6,20)>0) | BM6: =IF(ISNUMBER(MATCH($B6,C6:L6,0)),1,0) | BN6: =IF(BM6=1,0,BN5+1) | BO6: =(COUNTIF(M6:U6,1)>0)+(COUNTIF(M6:U6,2)>0)+(COUNTIF(M6:U6,3)>0)+(COUNTIF(M6:U6,4)>0)+(COUNTIF(M6:U6,5)>0)+(COUNTIF(M6:U6,6)>0)+(COUNTIF(M6:U6,7)>0)+(COUNTIF(M6:U6,8)>0)+(COUNTIF(M6:U6,9)>0)+(COUNTIF(M6:U6,10)>0)+(COUNTIF(M6:U6,11)>0)+(COUNTIF(M6:U6,12)>0)+(COUNTIF(M6:U6,13)>0)+(COUNTIF(M6:U6,14)>0)+(COUNTIF(M6:U6,15)>0)+(COUNTIF(M6:U6,16)>0)+(COUNTIF(M6:U6,17)>0)+(COUNTIF(M6:U6,18)>0)+(COUNTIF(M6:U6,19)>0)+(COUNTIF(M6:U6,20)>0) | BP6: =IF(ISNUMBER(MATCH($B6,M6:U6,0)),1,0) | BQ6: =IF(BP6=1,0,BQ5+1) | BR6: =(COUNTIF(V6:AD6,1)>0)+(COUNTIF(V6:AD6,2)>0)+(COUNTIF(V6:AD6,3)>0)+(COUNTIF(V6:AD6,4)>0)+(COUNTIF(V6:AD6,5)>0)+(COUNTIF(V6:AD6,6)>0)+(COUNTIF(V6:AD6,7)>0)+(COUNTIF(V6:AD6,8)>0)+(COUNTIF(V6:AD6,9)>0)+(COUNTIF(V6:AD6,10)>0)+(COUNTIF(V6:AD6,11)>0)+(COUNTIF(V6:AD6,12)>0)+(COUNTIF(V6:AD6,13)>0)+(COUNTIF(V6:AD6,14)>0)+(COUNTIF(V6:AD6,15)>0)+(COUNTIF(V6:AD6,16)>0)+(COUNTIF(V6:AD6,17)>0)+(COUNTIF(V6:AD6,18)>0)+(COUNTIF(V6:AD6,19)>0)+(COUNTIF(V6:AD6,20)>0) | BS6: =IF(ISNUMBER(MATCH($B6,V6:AD6,0)),1,0) | BT6: =IF(BS6=1,0,BT5+1) | BU6: =(COUNTIF(AE6:AN6,1)>0)+(COUNTIF(AE6:AN6,2)>0)+(COUNTIF(AE6:AN6,3)>0)+(COUNTIF(AE6:AN6,4)>0)+(COUNTIF(AE6:AN6,5)>0)+(COUNTIF(AE6:AN6,6)>0)+(COUNTIF(AE6:AN6,7)>0)+(COUNTIF(AE6:AN6,8)>0)+(COUNTIF(AE6:AN6,9)>0)+(COUNTIF(AE6:AN6,10)>0)+(COUNTIF(AE6:AN6,11)>0)+(COUNTIF(AE6:AN6,12)>0)+(COUNTIF(AE6:AN6,13)>0)+(COUNTIF(AE6:AN6,14)>0)+(COUNTIF(AE6:AN6,15)>0)+(COUNTIF(AE6:AN6,16)>0)+(COUNTIF(AE6:AN6,17)>0)+(COUNTIF(AE6:AN6,18)>0)+(COUNTIF(AE6:AN6,19)>0)+(COUNTIF(AE6:AN6,20)>0) | BV6: =IF(ISNUMBER(MATCH($B6,AE6:AN6,0)),1,0) | BW6: =IF(BV6=1,0,BW5+1) | BX6: =(COUNTIF(AO6:AY6,1)>0)+(COUNTIF(AO6:AY6,2)>0)+(COUNTIF(AO6:AY6,3)>0)+(COUNTIF(AO6:AY6,4)>0)+(COUNTIF(AO6:AY6,5)>0)+(COUNTIF(AO6:AY6,6)>0)+(COUNTIF(AO6:AY6,7)>0)+(COUNTIF(AO6:AY6,8)>0)+(COUNTIF(AO6:AY6,9)>0)+(COUNTIF(AO6:AY6,10)>0)+(COUNTIF(AO6:AY6,11)>0)+(COUNTIF(AO6:AY6,12)>0)+(COUNTIF(AO6:AY6,13)>0)+(COUNTIF(AO6:AY6,14)>0)+(COUNTIF(AO6:AY6,15)>0)+(COUNTIF(AO6:AY6,16)>0)+(COUNTIF(AO6:AY6,17)>0)+(COUNTIF(AO6:AY6,18)>0)+(COUNTIF(AO6:AY6,19)>0)+(COUNTIF(AO6:AY6,20)>0) | BY6: =IF(ISNUMBER(MATCH($B6,AO6:AY6,0)),1,0) | BZ6: =IF(BY6=1,0,BZ5+1) | CA6: =(COUNTIF(AZ6:BK6,1)>0)+(COUNTIF(AZ6:BK6,2)>0)+(COUNTIF(AZ6:BK6,3)>0)+(COUNTIF(AZ6:BK6,4)>0)+(COUNTIF(AZ6:BK6,5)>0)+(COUNTIF(AZ6:BK6,6)>0)+(COUNTIF(AZ6:BK6,7)>0)+(COUNTIF(AZ6:BK6,8)>0)+(COUNTIF(AZ6:BK6,9)>0)+(COUNTIF(AZ6:BK6,10)>0)+(COUNTIF(AZ6:BK6,11)>0)+(COUNTIF(AZ6:BK6,12)>0)+(COUNTIF(AZ6:BK6,13)>0)+(COUNTIF(AZ6:BK6,14)>0)+(COUNTIF(AZ6:BK6,15)>0)+(COUNTIF(AZ6:BK6,16)>0)+(COUNTIF(AZ6:BK6,17)>0)+(COUNTIF(AZ6:BK6,18)>0)+(COUNTIF(AZ6:BK6,19)>0)+(COUNTIF(AZ6:BK6,20)>0) | CB6: =IF(ISNUMBER(MATCH($B6,AZ6:BK6,0)),1,0) | CC6: =IF(CB6=1,0,CC5+1)
A7: 2026-05-05 12:00 | B7: 2 | C7: 7 | D7: 20 | E7: 10 | F7: 10 | G7: 12 | H7: 3 | I7: 1 | J7: 15 | K7: 16 | L7: 13 | M7: 2 | N7: 17 | O7: 7 | P7: 13 | Q7: 14 | R7: 8 | S7: 5 | T7: 20 | U7: 6 | V7: 7 | W7: 20 | X7: 10 | Y7: 12 | Z7: 3 | AA7: 1 | AB7: 15 | AC7: 16 | AD7: 13 | AE7: 7 | AF7: 20 | AG7: 10 | AH7: 12 | AI7: 3 | AJ7: 1 | AK7: 15 | AL7: 16 | AM7: 13 | AN7: 2 | AO7: 7 | AP7: 20 | AQ7: 10 | AR7: 12 | AS7: 3 | AT7: 1 | AU7: 15 | AV7: 16 | AW7: 13 | AX7: 2 | AY7: 17 | AZ7: 7 | BA7: 20 | BB7: 10 | BC7: 12 | BD7: 3 | BE7: 1 | BF7: 15 | BG7: 16 | BH7: 13 | BI7: 2 | BJ7: 17 | BK7: 14 | BL7: =(COUNTIF(C7:L7,1)>0)+(COUNTIF(C7:L7,2)>0)+(COUNTIF(C7:L7,3)>0)+(COUNTIF(C7:L7,4)>0)+(COUNTIF(C7:L7,5)>0)+(COUNTIF(C7:L7,6)>0)+(COUNTIF(C7:L7,7)>0)+(COUNTIF(C7:L7,8)>0)+(COUNTIF(C7:L7,9)>0)+(COUNTIF(C7:L7,10)>0)+(COUNTIF(C7:L7,11)>0)+(COUNTIF(C7:L7,12)>0)+(COUNTIF(C7:L7,13)>0)+(COUNTIF(C7:L7,14)>0)+(COUNTIF(C7:L7,15)>0)+(COUNTIF(C7:L7,16)>0)+(COUNTIF(C7:L7,17)>0)+(COUNTIF(C7:L7,18)>0)+(COUNTIF(C7:L7,19)>0)+(COUNTIF(C7:L7,20)>0) | BM7: =IF(ISNUMBER(MATCH($B7,C7:L7,0)),1,0) | BN7: =IF(BM7=1,0,BN6+1) | BO7: =(COUNTIF(M7:U7,1)>0)+(COUNTIF(M7:U7,2)>0)+(COUNTIF(M7:U7,3)>0)+(COUNTIF(M7:U7,4)>0)+(COUNTIF(M7:U7,5)>0)+(COUNTIF(M7:U7,6)>0)+(COUNTIF(M7:U7,7)>0)+(COUNTIF(M7:U7,8)>0)+(COUNTIF(M7:U7,9)>0)+(COUNTIF(M7:U7,10)>0)+(COUNTIF(M7:U7,11)>0)+(COUNTIF(M7:U7,12)>0)+(COUNTIF(M7:U7,13)>0)+(COUNTIF(M7:U7,14)>0)+(COUNTIF(M7:U7,15)>0)+(COUNTIF(M7:U7,16)>0)+(COUNTIF(M7:U7,17)>0)+(COUNTIF(M7:U7,18)>0)+(COUNTIF(M7:U7,19)>0)+(COUNTIF(M7:U7,20)>0) | BP7: =IF(ISNUMBER(MATCH($B7,M7:U7,0)),1,0) | BQ7: =IF(BP7=1,0,BQ6+1) | BR7: =(COUNTIF(V7:AD7,1)>0)+(COUNTIF(V7:AD7,2)>0)+(COUNTIF(V7:AD7,3)>0)+(COUNTIF(V7:AD7,4)>0)+(COUNTIF(V7:AD7,5)>0)+(COUNTIF(V7:AD7,6)>0)+(COUNTIF(V7:AD7,7)>0)+(COUNTIF(V7:AD7,8)>0)+(COUNTIF(V7:AD7,9)>0)+(COUNTIF(V7:AD7,10)>0)+(COUNTIF(V7:AD7,11)>0)+(COUNTIF(V7:AD7,12)>0)+(COUNTIF(V7:AD7,13)>0)+(COUNTIF(V7:AD7,14)>0)+(COUNTIF(V7:AD7,15)>0)+(COUNTIF(V7:AD7,16)>0)+(COUNTIF(V7:AD7,17)>0)+(COUNTIF(V7:AD7,18)>0)+(COUNTIF(V7:AD7,19)>0)+(COUNTIF(V7:AD7,20)>0) | BS7: =IF(ISNUMBER(MATCH($B7,V7:AD7,0)),1,0) | BT7: =IF(BS7=1,0,BT6+1) | BU7: =(COUNTIF(AE7:AN7,1)>0)+(COUNTIF(AE7:AN7,2)>0)+(COUNTIF(AE7:AN7,3)>0)+(COUNTIF(AE7:AN7,4)>0)+(COUNTIF(AE7:AN7,5)>0)+(COUNTIF(AE7:AN7,6)>0)+(COUNTIF(AE7:AN7,7)>0)+(COUNTIF(AE7:AN7,8)>0)+(COUNTIF(AE7:AN7,9)>0)+(COUNTIF(AE7:AN7,10)>0)+(COUNTIF(AE7:AN7,11)>0)+(COUNTIF(AE7:AN7,12)>0)+(COUNTIF(AE7:AN7,13)>0)+(COUNTIF(AE7:AN7,14)>0)+(COUNTIF(AE7:AN7,15)>0)+(COUNTIF(AE7:AN7,16)>0)+(COUNTIF(AE7:AN7,17)>0)+(COUNTIF(AE7:AN7,18)>0)+(COUNTIF(AE7:AN7,19)>0)+(COUNTIF(AE7:AN7,20)>0) | BV7: =IF(ISNUMBER(MATCH($B7,AE7:AN7,0)),1,0) | BW7: =IF(BV7=1,0,BW6+1) | BX7: =(COUNTIF(AO7:AY7,1)>0)+(COUNTIF(AO7:AY7,2)>0)+(COUNTIF(AO7:AY7,3)>0)+(COUNTIF(AO7:AY7,4)>0)+(COUNTIF(AO7:AY7,5)>0)+(COUNTIF(AO7:AY7,6)>0)+(COUNTIF(AO7:AY7,7)>0)+(COUNTIF(AO7:AY7,8)>0)+(COUNTIF(AO7:AY7,9)>0)+(COUNTIF(AO7:AY7,10)>0)+(COUNTIF(AO7:AY7,11)>0)+(COUNTIF(AO7:AY7,12)>0)+(COUNTIF(AO7:AY7,13)>0)+(COUNTIF(AO7:AY7,14)>0)+(COUNTIF(AO7:AY7,15)>0)+(COUNTIF(AO7:AY7,16)>0)+(COUNTIF(AO7:AY7,17)>0)+(COUNTIF(AO7:AY7,18)>0)+(COUNTIF(AO7:AY7,19)>0)+(COUNTIF(AO7:AY7,20)>0) | BY7: =IF(ISNUMBER(MATCH($B7,AO7:AY7,0)),1,0) | BZ7: =IF(BY7=1,0,BZ6+1) | CA7: =(COUNTIF(AZ7:BK7,1)>0)+(COUNTIF(AZ7:BK7,2)>0)+(COUNTIF(AZ7:BK7,3)>0)+(COUNTIF(AZ7:BK7,4)>0)+(COUNTIF(AZ7:BK7,5)>0)+(COUNTIF(AZ7:BK7,6)>0)+(COUNTIF(AZ7:BK7,7)>0)+(COUNTIF(AZ7:BK7,8)>0)+(COUNTIF(AZ7:BK7,9)>0)+(COUNTIF(AZ7:BK7,10)>0)+(COUNTIF(AZ7:BK7,11)>0)+(COUNTIF(AZ7:BK7,12)>0)+(COUNTIF(AZ7:BK7,13)>0)+(COUNTIF(AZ7:BK7,14)>0)+(COUNTIF(AZ7:BK7,15)>0)+(COUNTIF(AZ7:BK7,16)>0)+(COUNTIF(AZ7:BK7,17)>0)+(COUNTIF(AZ7:BK7,18)>0)+(COUNTIF(AZ7:BK7,19)>0)+(COUNTIF(AZ7:BK7,20)>0) | CB7: =IF(ISNUMBER(MATCH($B7,AZ7:BK7,0)),1,0) | CC7: =IF(CB7=1,0,CC6+1)
A8: 2026-05-05 13:00 | B8: 1 | C8: 10 | D8: 9 | E8: 5 | F8: 1 | G8: 5 | H8: 1 | I8: 5 | J8: 5 | K8: 19 | L8: 14 | M8: 5 | N8: 2 | O8: 20 | P8: 13 | Q8: 3 | R8: 17 | S8: 4 | T8: 16 | U8: 14 | V8: 10 | W8: 9 | X8: 5 | Y8: 1 | Z8: 19 | AA8: 14 | AB8: 2 | AC8: 20 | AD8: 13 | AE8: 10 | AF8: 9 | AG8: 5 | AH8: 1 | AI8: 19 | AJ8: 14 | AK8: 2 | AL8: 20 | AM8: 13 | AN8: 3 | AO8: 10 | AP8: 9 | AQ8: 5 | AR8: 1 | AS8: 19 | AT8: 14 | AU8: 2 | AV8: 20 | AW8: 13 | AX8: 3 | AY8: 17 | AZ8: 10 | BA8: 9 | BB8: 5 | BC8: 1 | BD8: 19 | BE8: 14 | BF8: 2 | BG8: 20 | BH8: 13 | BI8: 3 | BJ8: 17 | BK8: 4 | BL8: =(COUNTIF(C8:L8,1)>0)+(COUNTIF(C8:L8,2)>0)+(COUNTIF(C8:L8,3)>0)+(COUNTIF(C8:L8,4)>0)+(COUNTIF(C8:L8,5)>0)+(COUNTIF(C8:L8,6)>0)+(COUNTIF(C8:L8,7)>0)+(COUNTIF(C8:L8,8)>0)+(COUNTIF(C8:L8,9)>0)+(COUNTIF(C8:L8,10)>0)+(COUNTIF(C8:L8,11)>0)+(COUNTIF(C8:L8,12)>0)+(COUNTIF(C8:L8,13)>0)+(COUNTIF(C8:L8,14)>0)+(COUNTIF(C8:L8,15)>0)+(COUNTIF(C8:L8,16)>0)+(COUNTIF(C8:L8,17)>0)+(COUNTIF(C8:L8,18)>0)+(COUNTIF(C8:L8,19)>0)+(COUNTIF(C8:L8,20)>0) | BM8: =IF(ISNUMBER(MATCH($B8,C8:L8,0)),1,0) | BN8: =IF(BM8=1,0,BN7+1) | BO8: =(COUNTIF(M8:U8,1)>0)+(COUNTIF(M8:U8,2)>0)+(COUNTIF(M8:U8,3)>0)+(COUNTIF(M8:U8,4)>0)+(COUNTIF(M8:U8,5)>0)+(COUNTIF(M8:U8,6)>0)+(COUNTIF(M8:U8,7)>0)+(COUNTIF(M8:U8,8)>0)+(COUNTIF(M8:U8,9)>0)+(COUNTIF(M8:U8,10)>0)+(COUNTIF(M8:U8,11)>0)+(COUNTIF(M8:U8,12)>0)+(COUNTIF(M8:U8,13)>0)+(COUNTIF(M8:U8,14)>0)+(COUNTIF(M8:U8,15)>0)+(COUNTIF(M8:U8,16)>0)+(COUNTIF(M8:U8,17)>0)+(COUNTIF(M8:U8,18)>0)+(COUNTIF(M8:U8,19)>0)+(COUNTIF(M8:U8,20)>0) | BP8: =IF(ISNUMBER(MATCH($B8,M8:U8,0)),1,0) | BQ8: =IF(BP8=1,0,BQ7+1) | BR8: =(COUNTIF(V8:AD8,1)>0)+(COUNTIF(V8:AD8,2)>0)+(COUNTIF(V8:AD8,3)>0)+(COUNTIF(V8:AD8,4)>0)+(COUNTIF(V8:AD8,5)>0)+(COUNTIF(V8:AD8,6)>0)+(COUNTIF(V8:AD8,7)>0)+(COUNTIF(V8:AD8,8)>0)+(COUNTIF(V8:AD8,9)>0)+(COUNTIF(V8:AD8,10)>0)+(COUNTIF(V8:AD8,11)>0)+(COUNTIF(V8:AD8,12)>0)+(COUNTIF(V8:AD8,13)>0)+(COUNTIF(V8:AD8,14)>0)+(COUNTIF(V8:AD8,15)>0)+(COUNTIF(V8:AD8,16)>0)+(COUNTIF(V8:AD8,17)>0)+(COUNTIF(V8:AD8,18)>0)+(COUNTIF(V8:AD8,19)>0)+(COUNTIF(V8:AD8,20)>0) | BS8: =IF(ISNUMBER(MATCH($B8,V8:AD8,0)),1,0) | BT8: =IF(BS8=1,0,BT7+1) | BU8: =(COUNTIF(AE8:AN8,1)>0)+(COUNTIF(AE8:AN8,2)>0)+(COUNTIF(AE8:AN8,3)>0)+(COUNTIF(AE8:AN8,4)>0)+(COUNTIF(AE8:AN8,5)>0)+(COUNTIF(AE8:AN8,6)>0)+(COUNTIF(AE8:AN8,7)>0)+(COUNTIF(AE8:AN8,8)>0)+(COUNTIF(AE8:AN8,9)>0)+(COUNTIF(AE8:AN8,10)>0)+(COUNTIF(AE8:AN8,11)>0)+(COUNTIF(AE8:AN8,12)>0)+(COUNTIF(AE8:AN8,13)>0)+(COUNTIF(AE8:AN8,14)>0)+(COUNTIF(AE8:AN8,15)>0)+(COUNTIF(AE8:AN8,16)>0)+(COUNTIF(AE8:AN8,17)>0)+(COUNTIF(AE8:AN8,18)>0)+(COUNTIF(AE8:AN8,19)>0)+(COUNTIF(AE8:AN8,20)>0) | BV8: =IF(ISNUMBER(MATCH($B8,AE8:AN8,0)),1,0) | BW8: =IF(BV8=1,0,BW7+1) | BX8: =(COUNTIF(AO8:AY8,1)>0)+(COUNTIF(AO8:AY8,2)>0)+(COUNTIF(AO8:AY8,3)>0)+(COUNTIF(AO8:AY8,4)>0)+(COUNTIF(AO8:AY8,5)>0)+(COUNTIF(AO8:AY8,6)>0)+(COUNTIF(AO8:AY8,7)>0)+(COUNTIF(AO8:AY8,8)>0)+(COUNTIF(AO8:AY8,9)>0)+(COUNTIF(AO8:AY8,10)>0)+(COUNTIF(AO8:AY8,11)>0)+(COUNTIF(AO8:AY8,12)>0)+(COUNTIF(AO8:AY8,13)>0)+(COUNTIF(AO8:AY8,14)>0)+(COUNTIF(AO8:AY8,15)>0)+(COUNTIF(AO8:AY8,16)>0)+(COUNTIF(AO8:AY8,17)>0)+(COUNTIF(AO8:AY8,18)>0)+(COUNTIF(AO8:AY8,19)>0)+(COUNTIF(AO8:AY8,20)>0) | BY8: =IF(ISNUMBER(MATCH($B8,AO8:AY8,0)),1,0) | BZ8: =IF(BY8=1,0,BZ7+1) | CA8: =(COUNTIF(AZ8:BK8,1)>0)+(COUNTIF(AZ8:BK8,2)>0)+(COUNTIF(AZ8:BK8,3)>0)+(COUNTIF(AZ8:BK8,4)>0)+(COUNTIF(AZ8:BK8,5)>0)+(COUNTIF(AZ8:BK8,6)>0)+(COUNTIF(AZ8:BK8,7)>0)+(COUNTIF(AZ8:BK8,8)>0)+(COUNTIF(AZ8:BK8,9)>0)+(COUNTIF(AZ8:BK8,10)>0)+(COUNTIF(AZ8:BK8,11)>0)+(COUNTIF(AZ8:BK8,12)>0)+(COUNTIF(AZ8:BK8,13)>0)+(COUNTIF(AZ8:BK8,14)>0)+(COUNTIF(AZ8:BK8,15)>0)+(COUNTIF(AZ8:BK8,16)>0)+(COUNTIF(AZ8:BK8,17)>0)+(COUNTIF(AZ8:BK8,18)>0)+(COUNTIF(AZ8:BK8,19)>0)+(COUNTIF(AZ8:BK8,20)>0) | CB8: =IF(ISNUMBER(MATCH($B8,AZ8:BK8,0)),1,0) | CC8: =IF(CB8=1,0,CC7+1)
A9: 2026-05-05 14:00 | B9: 18 | C9: 12 | D9: 11 | E9: 8 | F9: 14 | G9: 16 | H9: 18 | I9: 18 | J9: 6 | K9: 10 | L9: 7 | M9: 17 | N9: 2 | O9: 13 | P9: 15 | Q9: 5 | R9: 20 | S9: 3 | T9: 12 | U9: 8 | V9: 12 | W9: 11 | X9: 8 | Y9: 14 | Z9: 16 | AA9: 18 | AB9: 6 | AC9: 10 | AD9: 7 | AE9: 12 | AF9: 11 | AG9: 8 | AH9: 14 | AI9: 16 | AJ9: 18 | AK9: 6 | AL9: 10 | AM9: 7 | AN9: 17 | AO9: 12 | AP9: 11 | AQ9: 8 | AR9: 14 | AS9: 16 | AT9: 18 | AU9: 6 | AV9: 10 | AW9: 7 | AX9: 17 | AY9: 2 | AZ9: 12 | BA9: 11 | BB9: 8 | BC9: 14 | BD9: 16 | BE9: 18 | BF9: 6 | BG9: 10 | BH9: 7 | BI9: 17 | BJ9: 2 | BK9: 13 | BL9: =(COUNTIF(C9:L9,1)>0)+(COUNTIF(C9:L9,2)>0)+(COUNTIF(C9:L9,3)>0)+(COUNTIF(C9:L9,4)>0)+(COUNTIF(C9:L9,5)>0)+(COUNTIF(C9:L9,6)>0)+(COUNTIF(C9:L9,7)>0)+(COUNTIF(C9:L9,8)>0)+(COUNTIF(C9:L9,9)>0)+(COUNTIF(C9:L9,10)>0)+(COUNTIF(C9:L9,11)>0)+(COUNTIF(C9:L9,12)>0)+(COUNTIF(C9:L9,13)>0)+(COUNTIF(C9:L9,14)>0)+(COUNTIF(C9:L9,15)>0)+(COUNTIF(C9:L9,16)>0)+(COUNTIF(C9:L9,17)>0)+(COUNTIF(C9:L9,18)>0)+(COUNTIF(C9:L9,19)>0)+(COUNTIF(C9:L9,20)>0) | BM9: =IF(ISNUMBER(MATCH($B9,C9:L9,0)),1,0) | BN9: =IF(BM9=1,0,BN8+1) | BO9: =(COUNTIF(M9:U9,1)>0)+(COUNTIF(M9:U9,2)>0)+(COUNTIF(M9:U9,3)>0)+(COUNTIF(M9:U9,4)>0)+(COUNTIF(M9:U9,5)>0)+(COUNTIF(M9:U9,6)>0)+(COUNTIF(M9:U9,7)>0)+(COUNTIF(M9:U9,8)>0)+(COUNTIF(M9:U9,9)>0)+(COUNTIF(M9:U9,10)>0)+(COUNTIF(M9:U9,11)>0)+(COUNTIF(M9:U9,12)>0)+(COUNTIF(M9:U9,13)>0)+(COUNTIF(M9:U9,14)>0)+(COUNTIF(M9:U9,15)>0)+(COUNTIF(M9:U9,16)>0)+(COUNTIF(M9:U9,17)>0)+(COUNTIF(M9:U9,18)>0)+(COUNTIF(M9:U9,19)>0)+(COUNTIF(M9:U9,20)>0) | BP9: =IF(ISNUMBER(MATCH($B9,M9:U9,0)),1,0) | BQ9: =IF(BP9=1,0,BQ8+1) | BR9: =(COUNTIF(V9:AD9,1)>0)+(COUNTIF(V9:AD9,2)>0)+(COUNTIF(V9:AD9,3)>0)+(COUNTIF(V9:AD9,4)>0)+(COUNTIF(V9:AD9,5)>0)+(COUNTIF(V9:AD9,6)>0)+(COUNTIF(V9:AD9,7)>0)+(COUNTIF(V9:AD9,8)>0)+(COUNTIF(V9:AD9,9)>0)+(COUNTIF(V9:AD9,10)>0)+(COUNTIF(V9:AD9,11)>0)+(COUNTIF(V9:AD9,12)>0)+(COUNTIF(V9:AD9,13)>0)+(COUNTIF(V9:AD9,14)>0)+(COUNTIF(V9:AD9,15)>0)+(COUNTIF(V9:AD9,16)>0)+(COUNTIF(V9:AD9,17)>0)+(COUNTIF(V9:AD9,18)>0)+(COUNTIF(V9:AD9,19)>0)+(COUNTIF(V9:AD9,20)>0) | BS9: =IF(ISNUMBER(MATCH($B9,V9:AD9,0)),1,0) | BT9: =IF(BS9=1,0,BT8+1) | BU9: =(COUNTIF(AE9:AN9,1)>0)+(COUNTIF(AE9:AN9,2)>0)+(COUNTIF(AE9:AN9,3)>0)+(COUNTIF(AE9:AN9,4)>0)+(COUNTIF(AE9:AN9,5)>0)+(COUNTIF(AE9:AN9,6)>0)+(COUNTIF(AE9:AN9,7)>0)+(COUNTIF(AE9:AN9,8)>0)+(COUNTIF(AE9:AN9,9)>0)+(COUNTIF(AE9:AN9,10)>0)+(COUNTIF(AE9:AN9,11)>0)+(COUNTIF(AE9:AN9,12)>0)+(COUNTIF(AE9:AN9,13)>0)+(COUNTIF(AE9:AN9,14)>0)+(COUNTIF(AE9:AN9,15)>0)+(COUNTIF(AE9:AN9,16)>0)+(COUNTIF(AE9:AN9,17)>0)+(COUNTIF(AE9:AN9,18)>0)+(COUNTIF(AE9:AN9,19)>0)+(COUNTIF(AE9:AN9,20)>0) | BV9: =IF(ISNUMBER(MATCH($B9,AE9:AN9,0)),1,0) | BW9: =IF(BV9=1,0,BW8+1) | BX9: =(COUNTIF(AO9:AY9,1)>0)+(COUNTIF(AO9:AY9,2)>0)+(COUNTIF(AO9:AY9,3)>0)+(COUNTIF(AO9:AY9,4)>0)+(COUNTIF(AO9:AY9,5)>0)+(COUNTIF(AO9:AY9,6)>0)+(COUNTIF(AO9:AY9,7)>0)+(COUNTIF(AO9:AY9,8)>0)+(COUNTIF(AO9:AY9,9)>0)+(COUNTIF(AO9:AY9,10)>0)+(COUNTIF(AO9:AY9,11)>0)+(COUNTIF(AO9:AY9,12)>0)+(COUNTIF(AO9:AY9,13)>0)+(COUNTIF(AO9:AY9,14)>0)+(COUNTIF(AO9:AY9,15)>0)+(COUNTIF(AO9:AY9,16)>0)+(COUNTIF(AO9:AY9,17)>0)+(COUNTIF(AO9:AY9,18)>0)+(COUNTIF(AO9:AY9,19)>0)+(COUNTIF(AO9:AY9,20)>0) | BY9: =IF(ISNUMBER(MATCH($B9,AO9:AY9,0)),1,0) | BZ9: =IF(BY9=1,0,BZ8+1) | CA9: =(COUNTIF(AZ9:BK9,1)>0)+(COUNTIF(AZ9:BK9,2)>0)+(COUNTIF(AZ9:BK9,3)>0)+(COUNTIF(AZ9:BK9,4)>0)+(COUNTIF(AZ9:BK9,5)>0)+(COUNTIF(AZ9:BK9,6)>0)+(COUNTIF(AZ9:BK9,7)>0)+(COUNTIF(AZ9:BK9,8)>0)+(COUNTIF(AZ9:BK9,9)>0)+(COUNTIF(AZ9:BK9,10)>0)+(COUNTIF(AZ9:BK9,11)>0)+(COUNTIF(AZ9:BK9,12)>0)+(COUNTIF(AZ9:BK9,13)>0)+(COUNTIF(AZ9:BK9,14)>0)+(COUNTIF(AZ9:BK9,15)>0)+(COUNTIF(AZ9:BK9,16)>0)+(COUNTIF(AZ9:BK9,17)>0)+(COUNTIF(AZ9:BK9,18)>0)+(COUNTIF(AZ9:BK9,19)>0)+(COUNTIF(AZ9:BK9,20)>0) | CB9: =IF(ISNUMBER(MATCH($B9,AZ9:BK9,0)),1,0) | CC9: =IF(CB9=1,0,CC8+1)
A10: 2026-05-05 15:00 | B10: 5 | C10: 1 | D10: 3 | E10: 19 | F10: 11 | G10: 9 | H10: 15 | I10: 16 | J10: 8 | K10: 9 | L10: 2 | M10: 13 | N10: 20 | O10: 3 | P10: 5 | Q10: 17 | R10: 2 | S10: 8 | T10: 7 | U10: 14 | V10: 1 | W10: 3 | X10: 19 | Y10: 11 | Z10: 9 | AA10: 15 | AB10: 16 | AC10: 8 | AD10: 2 | AE10: 1 | AF10: 3 | AG10: 19 | AH10: 11 | AI10: 9 | AJ10: 15 | AK10: 16 | AL10: 8 | AM10: 2 | AN10: 13 | AO10: 1 | AP10: 3 | AQ10: 19 | AR10: 11 | AS10: 9 | AT10: 15 | AU10: 16 | AV10: 8 | AW10: 2 | AX10: 13 | AY10: 20 | AZ10: 1 | BA10: 3 | BB10: 19 | BC10: 11 | BD10: 9 | BE10: 15 | BF10: 16 | BG10: 8 | BH10: 2 | BI10: 13 | BJ10: 20 | BK10: 5 | BL10: =(COUNTIF(C10:L10,1)>0)+(COUNTIF(C10:L10,2)>0)+(COUNTIF(C10:L10,3)>0)+(COUNTIF(C10:L10,4)>0)+(COUNTIF(C10:L10,5)>0)+(COUNTIF(C10:L10,6)>0)+(COUNTIF(C10:L10,7)>0)+(COUNTIF(C10:L10,8)>0)+(COUNTIF(C10:L10,9)>0)+(COUNTIF(C10:L10,10)>0)+(COUNTIF(C10:L10,11)>0)+(COUNTIF(C10:L10,12)>0)+(COUNTIF(C10:L10,13)>0)+(COUNTIF(C10:L10,14)>0)+(COUNTIF(C10:L10,15)>0)+(COUNTIF(C10:L10,16)>0)+(COUNTIF(C10:L10,17)>0)+(COUNTIF(C10:L10,18)>0)+(COUNTIF(C10:L10,19)>0)+(COUNTIF(C10:L10,20)>0) | BM10: =IF(ISNUMBER(MATCH($B10,C10:L10,0)),1,0) | BN10: =IF(BM10=1,0,BN9+1) | BO10: =(COUNTIF(M10:U10,1)>0)+(COUNTIF(M10:U10,2)>0)+(COUNTIF(M10:U10,3)>0)+(COUNTIF(M10:U10,4)>0)+(COUNTIF(M10:U10,5)>0)+(COUNTIF(M10:U10,6)>0)+(COUNTIF(M10:U10,7)>0)+(COUNTIF(M10:U10,8)>0)+(COUNTIF(M10:U10,9)>0)+(COUNTIF(M10:U10,10)>0)+(COUNTIF(M10:U10,11)>0)+(COUNTIF(M10:U10,12)>0)+(COUNTIF(M10:U10,13)>0)+(COUNTIF(M10:U10,14)>0)+(COUNTIF(M10:U10,15)>0)+(COUNTIF(M10:U10,16)>0)+(COUNTIF(M10:U10,17)>0)+(COUNTIF(M10:U10,18)>0)+(COUNTIF(M10:U10,19)>0)+(COUNTIF(M10:U10,20)>0) | BP10: =IF(ISNUMBER(MATCH($B10,M10:U10,0)),1,0) | BQ10: =IF(BP10=1,0,BQ9+1) | BR10: =(COUNTIF(V10:AD10,1)>0)+(COUNTIF(V10:AD10,2)>0)+(COUNTIF(V10:AD10,3)>0)+(COUNTIF(V10:AD10,4)>0)+(COUNTIF(V10:AD10,5)>0)+(COUNTIF(V10:AD10,6)>0)+(COUNTIF(V10:AD10,7)>0)+(COUNTIF(V10:AD10,8)>0)+(COUNTIF(V10:AD10,9)>0)+(COUNTIF(V10:AD10,10)>0)+(COUNTIF(V10:AD10,11)>0)+(COUNTIF(V10:AD10,12)>0)+(COUNTIF(V10:AD10,13)>0)+(COUNTIF(V10:AD10,14)>0)+(COUNTIF(V10:AD10,15)>0)+(COUNTIF(V10:AD10,16)>0)+(COUNTIF(V10:AD10,17)>0)+(COUNTIF(V10:AD10,18)>0)+(COUNTIF(V10:AD10,19)>0)+(COUNTIF(V10:AD10,20)>0) | BS10: =IF(ISNUMBER(MATCH($B10,V10:AD10,0)),1,0) | BT10: =IF(BS10=1,0,BT9+1) | BU10: =(COUNTIF(AE10:AN10,1)>0)+(COUNTIF(AE10:AN10,2)>0)+(COUNTIF(AE10:AN10,3)>0)+(COUNTIF(AE10:AN10,4)>0)+(COUNTIF(AE10:AN10,5)>0)+(COUNTIF(AE10:AN10,6)>0)+(COUNTIF(AE10:AN10,7)>0)+(COUNTIF(AE10:AN10,8)>0)+(COUNTIF(AE10:AN10,9)>0)+(COUNTIF(AE10:AN10,10)>0)+(COUNTIF(AE10:AN10,11)>0)+(COUNTIF(AE10:AN10,12)>0)+(COUNTIF(AE10:AN10,13)>0)+(COUNTIF(AE10:AN10,14)>0)+(COUNTIF(AE10:AN10,15)>0)+(COUNTIF(AE10:AN10,16)>0)+(COUNTIF(AE10:AN10,17)>0)+(COUNTIF(AE10:AN10,18)>0)+(COUNTIF(AE10:AN10,19)>0)+(COUNTIF(AE10:AN10,20)>0) | BV10: =IF(ISNUMBER(MATCH($B10,AE10:AN10,0)),1,0) | BW10: =IF(BV10=1,0,BW9+1) | BX10: =(COUNTIF(AO10:AY10,1)>0)+(COUNTIF(AO10:AY10,2)>0)+(COUNTIF(AO10:AY10,3)>0)+(COUNTIF(AO10:AY10,4)>0)+(COUNTIF(AO10:AY10,5)>0)+(COUNTIF(AO10:AY10,6)>0)+(COUNTIF(AO10:AY10,7)>0)+(COUNTIF(AO10:AY10,8)>0)+(COUNTIF(AO10:AY10,9)>0)+(COUNTIF(AO10:AY10,10)>0)+(COUNTIF(AO10:AY10,11)>0)+(COUNTIF(AO10:AY10,12)>0)+(COUNTIF(AO10:AY10,13)>0)+(COUNTIF(AO10:AY10,14)>0)+(COUNTIF(AO10:AY10,15)>0)+(COUNTIF(AO10:AY10,16)>0)+(COUNTIF(AO10:AY10,17)>0)+(COUNTIF(AO10:AY10,18)>0)+(COUNTIF(AO10:AY10,19)>0)+(COUNTIF(AO10:AY10,20)>0) | BY10: =IF(ISNUMBER(MATCH($B10,AO10:AY10,0)),1,0) | BZ10: =IF(BY10=1,0,BZ9+1) | CA10: =(COUNTIF(AZ10:BK10,1)>0)+(COUNTIF(AZ10:BK10,2)>0)+(COUNTIF(AZ10:BK10,3)>0)+(COUNTIF(AZ10:BK10,4)>0)+(COUNTIF(AZ10:BK10,5)>0)+(COUNTIF(AZ10:BK10,6)>0)+(COUNTIF(AZ10:BK10,7)>0)+(COUNTIF(AZ10:BK10,8)>0)+(COUNTIF(AZ10:BK10,9)>0)+(COUNTIF(AZ10:BK10,10)>0)+(COUNTIF(AZ10:BK10,11)>0)+(COUNTIF(AZ10:BK10,12)>0)+(COUNTIF(AZ10:BK10,13)>0)+(COUNTIF(AZ10:BK10,14)>0)+(COUNTIF(AZ10:BK10,15)>0)+(COUNTIF(AZ10:BK10,16)>0)+(COUNTIF(AZ10:BK10,17)>0)+(COUNTIF(AZ10:BK10,18)>0)+(COUNTIF(AZ10:BK10,19)>0)+(COUNTIF(AZ10:BK10,20)>0) | CB10: =IF(ISNUMBER(MATCH($B10,AZ10:BK10,0)),1,0) | CC10: =IF(CB10=1,0,CC9+1)
A11: 2026-05-05 16:00 | B11: 6 | C11: 5 | D11: 17 | E11: 17 | F11: 14 | G11: 7 | H11: 20 | I11: 2 | J11: 14 | K11: 18 | L11: 7 | M11: 19 | N11: 13 | O11: 17 | P11: 18 | Q11: 11 | R11: 2 | S11: 5 | T11: 3 | U11: 15 | V11: 5 | W11: 17 | X11: 14 | Y11: 7 | Z11: 20 | AA11: 2 | AB11: 18 | AC11: 19 | AD11: 13 | AE11: 5 | AF11: 17 | AG11: 14 | AH11: 7 | AI11: 20 | AJ11: 2 | AK11: 18 | AL11: 19 | AM11: 13 | AN11: 11 | AO11: 5 | AP11: 17 | AQ11: 14 | AR11: 7 | AS11: 20 | AT11: 2 | AU11: 18 | AV11: 19 | AW11: 13 | AX11: 11 | AY11: 3 | AZ11: 5 | BA11: 17 | BB11: 14 | BC11: 7 | BD11: 20 | BE11: 2 | BF11: 18 | BG11: 19 | BH11: 13 | BI11: 11 | BJ11: 3 | BK11: 15 | BL11: =(COUNTIF(C11:L11,1)>0)+(COUNTIF(C11:L11,2)>0)+(COUNTIF(C11:L11,3)>0)+(COUNTIF(C11:L11,4)>0)+(COUNTIF(C11:L11,5)>0)+(COUNTIF(C11:L11,6)>0)+(COUNTIF(C11:L11,7)>0)+(COUNTIF(C11:L11,8)>0)+(COUNTIF(C11:L11,9)>0)+(COUNTIF(C11:L11,10)>0)+(COUNTIF(C11:L11,11)>0)+(COUNTIF(C11:L11,12)>0)+(COUNTIF(C11:L11,13)>0)+(COUNTIF(C11:L11,14)>0)+(COUNTIF(C11:L11,15)>0)+(COUNTIF(C11:L11,16)>0)+(COUNTIF(C11:L11,17)>0)+(COUNTIF(C11:L11,18)>0)+(COUNTIF(C11:L11,19)>0)+(COUNTIF(C11:L11,20)>0) | BM11: =IF(ISNUMBER(MATCH($B11,C11:L11,0)),1,0) | BN11: =IF(BM11=1,0,BN10+1) | BO11: =(COUNTIF(M11:U11,1)>0)+(COUNTIF(M11:U11,2)>0)+(COUNTIF(M11:U11,3)>0)+(COUNTIF(M11:U11,4)>0)+(COUNTIF(M11:U11,5)>0)+(COUNTIF(M11:U11,6)>0)+(COUNTIF(M11:U11,7)>0)+(COUNTIF(M11:U11,8)>0)+(COUNTIF(M11:U11,9)>0)+(COUNTIF(M11:U11,10)>0)+(COUNTIF(M11:U11,11)>0)+(COUNTIF(M11:U11,12)>0)+(COUNTIF(M11:U11,13)>0)+(COUNTIF(M11:U11,14)>0)+(COUNTIF(M11:U11,15)>0)+(COUNTIF(M11:U11,16)>0)+(COUNTIF(M11:U11,17)>0)+(COUNTIF(M11:U11,18)>0)+(COUNTIF(M11:U11,19)>0)+(COUNTIF(M11:U11,20)>0) | BP11: =IF(ISNUMBER(MATCH($B11,M11:U11,0)),1,0) | BQ11: =IF(BP11=1,0,BQ10+1) | BR11: =(COUNTIF(V11:AD11,1)>0)+(COUNTIF(V11:AD11,2)>0)+(COUNTIF(V11:AD11,3)>0)+(COUNTIF(V11:AD11,4)>0)+(COUNTIF(V11:AD11,5)>0)+(COUNTIF(V11:AD11,6)>0)+(COUNTIF(V11:AD11,7)>0)+(COUNTIF(V11:AD11,8)>0)+(COUNTIF(V11:AD11,9)>0)+(COUNTIF(V11:AD11,10)>0)+(COUNTIF(V11:AD11,11)>0)+(COUNTIF(V11:AD11,12)>0)+(COUNTIF(V11:AD11,13)>0)+(COUNTIF(V11:AD11,14)>0)+(COUNTIF(V11:AD11,15)>0)+(COUNTIF(V11:AD11,16)>0)+(COUNTIF(V11:AD11,17)>0)+(COUNTIF(V11:AD11,18)>0)+(COUNTIF(V11:AD11,19)>0)+(COUNTIF(V11:AD11,20)>0) | BS11: =IF(ISNUMBER(MATCH($B11,V11:AD11,0)),1,0) | BT11: =IF(BS11=1,0,BT10+1) | BU11: =(COUNTIF(AE11:AN11,1)>0)+(COUNTIF(AE11:AN11,2)>0)+(COUNTIF(AE11:AN11,3)>0)+(COUNTIF(AE11:AN11,4)>0)+(COUNTIF(AE11:AN11,5)>0)+(COUNTIF(AE11:AN11,6)>0)+(COUNTIF(AE11:AN11,7)>0)+(COUNTIF(AE11:AN11,8)>0)+(COUNTIF(AE11:AN11,9)>0)+(COUNTIF(AE11:AN11,10)>0)+(COUNTIF(AE11:AN11,11)>0)+(COUNTIF(AE11:AN11,12)>0)+(COUNTIF(AE11:AN11,13)>0)+(COUNTIF(AE11:AN11,14)>0)+(COUNTIF(AE11:AN11,15)>0)+(COUNTIF(AE11:AN11,16)>0)+(COUNTIF(AE11:AN11,17)>0)+(COUNTIF(AE11:AN11,18)>0)+(COUNTIF(AE11:AN11,19)>0)+(COUNTIF(AE11:AN11,20)>0) | BV11: =IF(ISNUMBER(MATCH($B11,AE11:AN11,0)),1,0) | BW11: =IF(BV11=1,0,BW10+1) | BX11: =(COUNTIF(AO11:AY11,1)>0)+(COUNTIF(AO11:AY11,2)>0)+(COUNTIF(AO11:AY11,3)>0)+(COUNTIF(AO11:AY11,4)>0)+(COUNTIF(AO11:AY11,5)>0)+(COUNTIF(AO11:AY11,6)>0)+(COUNTIF(AO11:AY11,7)>0)+(COUNTIF(AO11:AY11,8)>0)+(COUNTIF(AO11:AY11,9)>0)+(COUNTIF(AO11:AY11,10)>0)+(COUNTIF(AO11:AY11,11)>0)+(COUNTIF(AO11:AY11,12)>0)+(COUNTIF(AO11:AY11,13)>0)+(COUNTIF(AO11:AY11,14)>0)+(COUNTIF(AO11:AY11,15)>0)+(COUNTIF(AO11:AY11,16)>0)+(COUNTIF(AO11:AY11,17)>0)+(COUNTIF(AO11:AY11,18)>0)+(COUNTIF(AO11:AY11,19)>0)+(COUNTIF(AO11:AY11,20)>0) | BY11: =IF(ISNUMBER(MATCH($B11,AO11:AY11,0)),1,0) | BZ11: =IF(BY11=1,0,BZ10+1) | CA11: =(COUNTIF(AZ11:BK11,1)>0)+(COUNTIF(AZ11:BK11,2)>0)+(COUNTIF(AZ11:BK11,3)>0)+(COUNTIF(AZ11:BK11,4)>0)+(COUNTIF(AZ11:BK11,5)>0)+(COUNTIF(AZ11:BK11,6)>0)+(COUNTIF(AZ11:BK11,7)>0)+(COUNTIF(AZ11:BK11,8)>0)+(COUNTIF(AZ11:BK11,9)>0)+(COUNTIF(AZ11:BK11,10)>0)+(COUNTIF(AZ11:BK11,11)>0)+(COUNTIF(AZ11:BK11,12)>0)+(COUNTIF(AZ11:BK11,13)>0)+(COUNTIF(AZ11:BK11,14)>0)+(COUNTIF(AZ11:BK11,15)>0)+(COUNTIF(AZ11:BK11,16)>0)+(COUNTIF(AZ11:BK11,17)>0)+(COUNTIF(AZ11:BK11,18)>0)+(COUNTIF(AZ11:BK11,19)>0)+(COUNTIF(AZ11:BK11,20)>0) | CB11: =IF(ISNUMBER(MATCH($B11,AZ11:BK11,0)),1,0) | CC11: =IF(CB11=1,0,CC10+1)
A12: 2026-05-05 17:00 | B12: 12 | C12: 20 | D12: 11 | E12: 11 | F12: 17 | G12: 9 | H12: 2 | I12: 10 | J12: 18 | K12: 4 | L12: 3 | M12: 20 | N12: 1 | O12: 17 | P12: 3 | Q12: 5 | R12: 2 | S12: 8 | T12: 15 | U12: 6 | V12: 20 | W12: 11 | X12: 17 | Y12: 9 | Z12: 2 | AA12: 10 | AB12: 18 | AC12: 4 | AD12: 3 | AE12: 20 | AF12: 11 | AG12: 17 | AH12: 9 | AI12: 2 | AJ12: 10 | AK12: 18 | AL12: 4 | AM12: 3 | AN12: 1 | AO12: 20 | AP12: 11 | AQ12: 17 | AR12: 9 | AS12: 2 | AT12: 10 | AU12: 18 | AV12: 4 | AW12: 3 | AX12: 1 | AY12: 5 | AZ12: 20 | BA12: 11 | BB12: 17 | BC12: 9 | BD12: 2 | BE12: 10 | BF12: 18 | BG12: 4 | BH12: 3 | BI12: 1 | BJ12: 5 | BK12: 8 | BL12: =(COUNTIF(C12:L12,1)>0)+(COUNTIF(C12:L12,2)>0)+(COUNTIF(C12:L12,3)>0)+(COUNTIF(C12:L12,4)>0)+(COUNTIF(C12:L12,5)>0)+(COUNTIF(C12:L12,6)>0)+(COUNTIF(C12:L12,7)>0)+(COUNTIF(C12:L12,8)>0)+(COUNTIF(C12:L12,9)>0)+(COUNTIF(C12:L12,10)>0)+(COUNTIF(C12:L12,11)>0)+(COUNTIF(C12:L12,12)>0)+(COUNTIF(C12:L12,13)>0)+(COUNTIF(C12:L12,14)>0)+(COUNTIF(C12:L12,15)>0)+(COUNTIF(C12:L12,16)>0)+(COUNTIF(C12:L12,17)>0)+(COUNTIF(C12:L12,18)>0)+(COUNTIF(C12:L12,19)>0)+(COUNTIF(C12:L12,20)>0) | BM12: =IF(ISNUMBER(MATCH($B12,C12:L12,0)),1,0) | BN12: =IF(BM12=1,0,BN11+1) | BO12: =(COUNTIF(M12:U12,1)>0)+(COUNTIF(M12:U12,2)>0)+(COUNTIF(M12:U12,3)>0)+(COUNTIF(M12:U12,4)>0)+(COUNTIF(M12:U12,5)>0)+(COUNTIF(M12:U12,6)>0)+(COUNTIF(M12:U12,7)>0)+(COUNTIF(M12:U12,8)>0)+(COUNTIF(M12:U12,9)>0)+(COUNTIF(M12:U12,10)>0)+(COUNTIF(M12:U12,11)>0)+(COUNTIF(M12:U12,12)>0)+(COUNTIF(M12:U12,13)>0)+(COUNTIF(M12:U12,14)>0)+(COUNTIF(M12:U12,15)>0)+(COUNTIF(M12:U12,16)>0)+(COUNTIF(M12:U12,17)>0)+(COUNTIF(M12:U12,18)>0)+(COUNTIF(M12:U12,19)>0)+(COUNTIF(M12:U12,20)>0) | BP12: =IF(ISNUMBER(MATCH($B12,M12:U12,0)),1,0) | BQ12: =IF(BP12=1,0,BQ11+1) | BR12: =(COUNTIF(V12:AD12,1)>0)+(COUNTIF(V12:AD12,2)>0)+(COUNTIF(V12:AD12,3)>0)+(COUNTIF(V12:AD12,4)>0)+(COUNTIF(V12:AD12,5)>0)+(COUNTIF(V12:AD12,6)>0)+(COUNTIF(V12:AD12,7)>0)+(COUNTIF(V12:AD12,8)>0)+(COUNTIF(V12:AD12,9)>0)+(COUNTIF(V12:AD12,10)>0)+(COUNTIF(V12:AD12,11)>0)+(COUNTIF(V12:AD12,12)>0)+(COUNTIF(V12:AD12,13)>0)+(COUNTIF(V12:AD12,14)>0)+(COUNTIF(V12:AD12,15)>0)+(COUNTIF(V12:AD12,16)>0)+(COUNTIF(V12:AD12,17)>0)+(COUNTIF(V12:AD12,18)>0)+(COUNTIF(V12:AD12,19)>0)+(COUNTIF(V12:AD12,20)>0) | BS12: =IF(ISNUMBER(MATCH($B12,V12:AD12,0)),1,0) | BT12: =IF(BS12=1,0,BT11+1) | BU12: =(COUNTIF(AE12:AN12,1)>0)+(COUNTIF(AE12:AN12,2)>0)+(COUNTIF(AE12:AN12,3)>0)+(COUNTIF(AE12:AN12,4)>0)+(COUNTIF(AE12:AN12,5)>0)+(COUNTIF(AE12:AN12,6)>0)+(COUNTIF(AE12:AN12,7)>0)+(COUNTIF(AE12:AN12,8)>0)+(COUNTIF(AE12:AN12,9)>0)+(COUNTIF(AE12:AN12,10)>0)+(COUNTIF(AE12:AN12,11)>0)+(COUNTIF(AE12:AN12,12)>0)+(COUNTIF(AE12:AN12,13)>0)+(COUNTIF(AE12:AN12,14)>0)+(COUNTIF(AE12:AN12,15)>0)+(COUNTIF(AE12:AN12,16)>0)+(COUNTIF(AE12:AN12,17)>0)+(COUNTIF(AE12:AN12,18)>0)+(COUNTIF(AE12:AN12,19)>0)+(COUNTIF(AE12:AN12,20)>0) | BV12: =IF(ISNUMBER(MATCH($B12,AE12:AN12,0)),1,0) | BW12: =IF(BV12=1,0,BW11+1) | BX12: =(COUNTIF(AO12:AY12,1)>0)+(COUNTIF(AO12:AY12,2)>0)+(COUNTIF(AO12:AY12,3)>0)+(COUNTIF(AO12:AY12,4)>0)+(COUNTIF(AO12:AY12,5)>0)+(COUNTIF(AO12:AY12,6)>0)+(COUNTIF(AO12:AY12,7)>0)+(COUNTIF(AO12:AY12,8)>0)+(COUNTIF(AO12:AY12,9)>0)+(COUNTIF(AO12:AY12,10)>0)+(COUNTIF(AO12:AY12,11)>0)+(COUNTIF(AO12:AY12,12)>0)+(COUNTIF(AO12:AY12,13)>0)+(COUNTIF(AO12:AY12,14)>0)+(COUNTIF(AO12:AY12,15)>0)+(COUNTIF(AO12:AY12,16)>0)+(COUNTIF(AO12:AY12,17)>0)+(COUNTIF(AO12:AY12,18)>0)+(COUNTIF(AO12:AY12,19)>0)+(COUNTIF(AO12:AY12,20)>0) | BY12: =IF(ISNUMBER(MATCH($B12,AO12:AY12,0)),1,0) | BZ12: =IF(BY12=1,0,BZ11+1) | CA12: =(COUNTIF(AZ12:BK12,1)>0)+(COUNTIF(AZ12:BK12,2)>0)+(COUNTIF(AZ12:BK12,3)>0)+(COUNTIF(AZ12:BK12,4)>0)+(COUNTIF(AZ12:BK12,5)>0)+(COUNTIF(AZ12:BK12,6)>0)+(COUNTIF(AZ12:BK12,7)>0)+(COUNTIF(AZ12:BK12,8)>0)+(COUNTIF(AZ12:BK12,9)>0)+(COUNTIF(AZ12:BK12,10)>0)+(COUNTIF(AZ12:BK12,11)>0)+(COUNTIF(AZ12:BK12,12)>0)+(COUNTIF(AZ12:BK12,13)>0)+(COUNTIF(AZ12:BK12,14)>0)+(COUNTIF(AZ12:BK12,15)>0)+(COUNTIF(AZ12:BK12,16)>0)+(COUNTIF(AZ12:BK12,17)>0)+(COUNTIF(AZ12:BK12,18)>0)+(COUNTIF(AZ12:BK12,19)>0)+(COUNTIF(AZ12:BK12,20)>0) | CB12: =IF(ISNUMBER(MATCH($B12,AZ12:BK12,0)),1,0) | CC12: =IF(CB12=1,0,CC11+1)
A13: 2026-05-05 18:00 | B13: 3 | C13: 20 | D13: 8 | E13: 3 | F13: 12 | G13: 18 | H13: 14 | I13: 17 | J13: 20 | K13: 6 | L13: 10 | M13: 11 | N13: 20 | O13: 17 | P13: 2 | Q13: 8 | R13: 14 | S13: 7 | T13: 3 | U13: 13 | V13: 20 | W13: 8 | X13: 3 | Y13: 12 | Z13: 18 | AA13: 14 | AB13: 17 | AC13: 6 | AD13: 10 | AE13: 20 | AF13: 8 | AG13: 3 | AH13: 12 | AI13: 18 | AJ13: 14 | AK13: 17 | AL13: 6 | AM13: 10 | AN13: 11 | AO13: 20 | AP13: 8 | AQ13: 3 | AR13: 12 | AS13: 18 | AT13: 14 | AU13: 17 | AV13: 6 | AW13: 10 | AX13: 11 | AY13: 2 | AZ13: 20 | BA13: 8 | BB13: 3 | BC13: 12 | BD13: 18 | BE13: 14 | BF13: 17 | BG13: 6 | BH13: 10 | BI13: 11 | BJ13: 2 | BK13: 7 | BL13: =(COUNTIF(C13:L13,1)>0)+(COUNTIF(C13:L13,2)>0)+(COUNTIF(C13:L13,3)>0)+(COUNTIF(C13:L13,4)>0)+(COUNTIF(C13:L13,5)>0)+(COUNTIF(C13:L13,6)>0)+(COUNTIF(C13:L13,7)>0)+(COUNTIF(C13:L13,8)>0)+(COUNTIF(C13:L13,9)>0)+(COUNTIF(C13:L13,10)>0)+(COUNTIF(C13:L13,11)>0)+(COUNTIF(C13:L13,12)>0)+(COUNTIF(C13:L13,13)>0)+(COUNTIF(C13:L13,14)>0)+(COUNTIF(C13:L13,15)>0)+(COUNTIF(C13:L13,16)>0)+(COUNTIF(C13:L13,17)>0)+(COUNTIF(C13:L13,18)>0)+(COUNTIF(C13:L13,19)>0)+(COUNTIF(C13:L13,20)>0) | BM13: =IF(ISNUMBER(MATCH($B13,C13:L13,0)),1,0) | BN13: =IF(BM13=1,0,BN12+1) | BO13: =(COUNTIF(M13:U13,1)>0)+(COUNTIF(M13:U13,2)>0)+(COUNTIF(M13:U13,3)>0)+(COUNTIF(M13:U13,4)>0)+(COUNTIF(M13:U13,5)>0)+(COUNTIF(M13:U13,6)>0)+(COUNTIF(M13:U13,7)>0)+(COUNTIF(M13:U13,8)>0)+(COUNTIF(M13:U13,9)>0)+(COUNTIF(M13:U13,10)>0)+(COUNTIF(M13:U13,11)>0)+(COUNTIF(M13:U13,12)>0)+(COUNTIF(M13:U13,13)>0)+(COUNTIF(M13:U13,14)>0)+(COUNTIF(M13:U13,15)>0)+(COUNTIF(M13:U13,16)>0)+(COUNTIF(M13:U13,17)>0)+(COUNTIF(M13:U13,18)>0)+(COUNTIF(M13:U13,19)>0)+(COUNTIF(M13:U13,20)>0) | BP13: =IF(ISNUMBER(MATCH($B13,M13:U13,0)),1,0) | BQ13: =IF(BP13=1,0,BQ12+1) | BR13: =(COUNTIF(V13:AD13,1)>0)+(COUNTIF(V13:AD13,2)>0)+(COUNTIF(V13:AD13,3)>0)+(COUNTIF(V13:AD13,4)>0)+(COUNTIF(V13:AD13,5)>0)+(COUNTIF(V13:AD13,6)>0)+(COUNTIF(V13:AD13,7)>0)+(COUNTIF(V13:AD13,8)>0)+(COUNTIF(V13:AD13,9)>0)+(COUNTIF(V13:AD13,10)>0)+(COUNTIF(V13:AD13,11)>0)+(COUNTIF(V13:AD13,12)>0)+(COUNTIF(V13:AD13,13)>0)+(COUNTIF(V13:AD13,14)>0)+(COUNTIF(V13:AD13,15)>0)+(COUNTIF(V13:AD13,16)>0)+(COUNTIF(V13:AD13,17)>0)+(COUNTIF(V13:AD13,18)>0)+(COUNTIF(V13:AD13,19)>0)+(COUNTIF(V13:AD13,20)>0) | BS13: =IF(ISNUMBER(MATCH($B13,V13:AD13,0)),1,0) | BT13: =IF(BS13=1,0,BT12+1) | BU13: =(COUNTIF(AE13:AN13,1)>0)+(COUNTIF(AE13:AN13,2)>0)+(COUNTIF(AE13:AN13,3)>0)+(COUNTIF(AE13:AN13,4)>0)+(COUNTIF(AE13:AN13,5)>0)+(COUNTIF(AE13:AN13,6)>0)+(COUNTIF(AE13:AN13,7)>0)+(COUNTIF(AE13:AN13,8)>0)+(COUNTIF(AE13:AN13,9)>0)+(COUNTIF(AE13:AN13,10)>0)+(COUNTIF(AE13:AN13,11)>0)+(COUNTIF(AE13:AN13,12)>0)+(COUNTIF(AE13:AN13,13)>0)+(COUNTIF(AE13:AN13,14)>0)+(COUNTIF(AE13:AN13,15)>0)+(COUNTIF(AE13:AN13,16)>0)+(COUNTIF(AE13:AN13,17)>0)+(COUNTIF(AE13:AN13,18)>0)+(COUNTIF(AE13:AN13,19)>0)+(COUNTIF(AE13:AN13,20)>0) | BV13: =IF(ISNUMBER(MATCH($B13,AE13:AN13,0)),1,0) | BW13: =IF(BV13=1,0,BW12+1) | BX13: =(COUNTIF(AO13:AY13,1)>0)+(COUNTIF(AO13:AY13,2)>0)+(COUNTIF(AO13:AY13,3)>0)+(COUNTIF(AO13:AY13,4)>0)+(COUNTIF(AO13:AY13,5)>0)+(COUNTIF(AO13:AY13,6)>0)+(COUNTIF(AO13:AY13,7)>0)+(COUNTIF(AO13:AY13,8)>0)+(COUNTIF(AO13:AY13,9)>0)+(COUNTIF(AO13:AY13,10)>0)+(COUNTIF(AO13:AY13,11)>0)+(COUNTIF(AO13:AY13,12)>0)+(COUNTIF(AO13:AY13,13)>0)+(COUNTIF(AO13:AY13,14)>0)+(COUNTIF(AO13:AY13,15)>0)+(COUNTIF(AO13:AY13,16)>0)+(COUNTIF(AO13:AY13,17)>0)+(COUNTIF(AO13:AY13,18)>0)+(COUNTIF(AO13:AY13,19)>0)+(COUNTIF(AO13:AY13,20)>0) | BY13: =IF(ISNUMBER(MATCH($B13,AO13:AY13,0)),1,0) | BZ13: =IF(BY13=1,0,BZ12+1) | CA13: =(COUNTIF(AZ13:BK13,1)>0)+(COUNTIF(AZ13:BK13,2)>0)+(COUNTIF(AZ13:BK13,3)>0)+(COUNTIF(AZ13:BK13,4)>0)+(COUNTIF(AZ13:BK13,5)>0)+(COUNTIF(AZ13:BK13,6)>0)+(COUNTIF(AZ13:BK13,7)>0)+(COUNTIF(AZ13:BK13,8)>0)+(COUNTIF(AZ13:BK13,9)>0)+(COUNTIF(AZ13:BK13,10)>0)+(COUNTIF(AZ13:BK13,11)>0)+(COUNTIF(AZ13:BK13,12)>0)+(COUNTIF(AZ13:BK13,13)>0)+(COUNTIF(AZ13:BK13,14)>0)+(COUNTIF(AZ13:BK13,15)>0)+(COUNTIF(AZ13:BK13,16)>0)+(COUNTIF(AZ13:BK13,17)>0)+(COUNTIF(AZ13:BK13,18)>0)+(COUNTIF(AZ13:BK13,19)>0)+(COUNTIF(AZ13:BK13,20)>0) | CB13: =IF(ISNUMBER(MATCH($B13,AZ13:BK13,0)),1,0) | CC13: =IF(CB13=1,0,CC12+1)
A14: 2026-05-05 19:00 | B14: 11 | C14: 16 | D14: 4 | E14: 17 | F14: 8 | G14: 2 | H14: 20 | I14: 8 | J14: 11 | K14: 7 | L14: 1 | M14: 2 | N14: 5 | O14: 7 | P14: 11 | Q14: 17 | R14: 6 | S14: 19 | T14: 13 | U14: 12 | V14: 16 | W14: 4 | X14: 17 | Y14: 8 | Z14: 2 | AA14: 20 | AB14: 11 | AC14: 7 | AD14: 1 | AE14: 16 | AF14: 4 | AG14: 17 | AH14: 8 | AI14: 2 | AJ14: 20 | AK14: 11 | AL14: 7 | AM14: 1 | AN14: 5 | AO14: 16 | AP14: 4 | AQ14: 17 | AR14: 8 | AS14: 2 | AT14: 20 | AU14: 11 | AV14: 7 | AW14: 1 | AX14: 5 | AY14: 6 | AZ14: 16 | BA14: 4 | BB14: 17 | BC14: 8 | BD14: 2 | BE14: 20 | BF14: 11 | BG14: 7 | BH14: 1 | BI14: 5 | BJ14: 6 | BK14: 19 | BL14: =(COUNTIF(C14:L14,1)>0)+(COUNTIF(C14:L14,2)>0)+(COUNTIF(C14:L14,3)>0)+(COUNTIF(C14:L14,4)>0)+(COUNTIF(C14:L14,5)>0)+(COUNTIF(C14:L14,6)>0)+(COUNTIF(C14:L14,7)>0)+(COUNTIF(C14:L14,8)>0)+(COUNTIF(C14:L14,9)>0)+(COUNTIF(C14:L14,10)>0)+(COUNTIF(C14:L14,11)>0)+(COUNTIF(C14:L14,12)>0)+(COUNTIF(C14:L14,13)>0)+(COUNTIF(C14:L14,14)>0)+(COUNTIF(C14:L14,15)>0)+(COUNTIF(C14:L14,16)>0)+(COUNTIF(C14:L14,17)>0)+(COUNTIF(C14:L14,18)>0)+(COUNTIF(C14:L14,19)>0)+(COUNTIF(C14:L14,20)>0) | BM14: =IF(ISNUMBER(MATCH($B14,C14:L14,0)),1,0) | BN14: =IF(BM14=1,0,BN13+1) | BO14: =(COUNTIF(M14:U14,1)>0)+(COUNTIF(M14:U14,2)>0)+(COUNTIF(M14:U14,3)>0)+(COUNTIF(M14:U14,4)>0)+(COUNTIF(M14:U14,5)>0)+(COUNTIF(M14:U14,6)>0)+(COUNTIF(M14:U14,7)>0)+(COUNTIF(M14:U14,8)>0)+(COUNTIF(M14:U14,9)>0)+(COUNTIF(M14:U14,10)>0)+(COUNTIF(M14:U14,11)>0)+(COUNTIF(M14:U14,12)>0)+(COUNTIF(M14:U14,13)>0)+(COUNTIF(M14:U14,14)>0)+(COUNTIF(M14:U14,15)>0)+(COUNTIF(M14:U14,16)>0)+(COUNTIF(M14:U14,17)>0)+(COUNTIF(M14:U14,18)>0)+(COUNTIF(M14:U14,19)>0)+(COUNTIF(M14:U14,20)>0) | BP14: =IF(ISNUMBER(MATCH($B14,M14:U14,0)),1,0) | BQ14: =IF(BP14=1,0,BQ13+1) | BR14: =(COUNTIF(V14:AD14,1)>0)+(COUNTIF(V14:AD14,2)>0)+(COUNTIF(V14:AD14,3)>0)+(COUNTIF(V14:AD14,4)>0)+(COUNTIF(V14:AD14,5)>0)+(COUNTIF(V14:AD14,6)>0)+(COUNTIF(V14:AD14,7)>0)+(COUNTIF(V14:AD14,8)>0)+(COUNTIF(V14:AD14,9)>0)+(COUNTIF(V14:AD14,10)>0)+(COUNTIF(V14:AD14,11)>0)+(COUNTIF(V14:AD14,12)>0)+(COUNTIF(V14:AD14,13)>0)+(COUNTIF(V14:AD14,14)>0)+(COUNTIF(V14:AD14,15)>0)+(COUNTIF(V14:AD14,16)>0)+(COUNTIF(V14:AD14,17)>0)+(COUNTIF(V14:AD14,18)>0)+(COUNTIF(V14:AD14,19)>0)+(COUNTIF(V14:AD14,20)>0) | BS14: =IF(ISNUMBER(MATCH($B14,V14:AD14,0)),1,0) | BT14: =IF(BS14=1,0,BT13+1) | BU14: =(COUNTIF(AE14:AN14,1)>0)+(COUNTIF(AE14:AN14,2)>0)+(COUNTIF(AE14:AN14,3)>0)+(COUNTIF(AE14:AN14,4)>0)+(COUNTIF(AE14:AN14,5)>0)+(COUNTIF(AE14:AN14,6)>0)+(COUNTIF(AE14:AN14,7)>0)+(COUNTIF(AE14:AN14,8)>0)+(COUNTIF(AE14:AN14,9)>0)+(COUNTIF(AE14:AN14,10)>0)+(COUNTIF(AE14:AN14,11)>0)+(COUNTIF(AE14:AN14,12)>0)+(COUNTIF(AE14:AN14,13)>0)+(COUNTIF(AE14:AN14,14)>0)+(COUNTIF(AE14:AN14,15)>0)+(COUNTIF(AE14:AN14,16)>0)+(COUNTIF(AE14:AN14,17)>0)+(COUNTIF(AE14:AN14,18)>0)+(COUNTIF(AE14:AN14,19)>0)+(COUNTIF(AE14:AN14,20)>0) | BV14: =IF(ISNUMBER(MATCH($B14,AE14:AN14,0)),1,0) | BW14: =IF(BV14=1,0,BW13+1) | BX14: =(COUNTIF(AO14:AY14,1)>0)+(COUNTIF(AO14:AY14,2)>0)+(COUNTIF(AO14:AY14,3)>0)+(COUNTIF(AO14:AY14,4)>0)+(COUNTIF(AO14:AY14,5)>0)+(COUNTIF(AO14:AY14,6)>0)+(COUNTIF(AO14:AY14,7)>0)+(COUNTIF(AO14:AY14,8)>0)+(COUNTIF(AO14:AY14,9)>0)+(COUNTIF(AO14:AY14,10)>0)+(COUNTIF(AO14:AY14,11)>0)+(COUNTIF(AO14:AY14,12)>0)+(COUNTIF(AO14:AY14,13)>0)+(COUNTIF(AO14:AY14,14)>0)+(COUNTIF(AO14:AY14,15)>0)+(COUNTIF(AO14:AY14,16)>0)+(COUNTIF(AO14:AY14,17)>0)+(COUNTIF(AO14:AY14,18)>0)+(COUNTIF(AO14:AY14,19)>0)+(COUNTIF(AO14:AY14,20)>0) | BY14: =IF(ISNUMBER(MATCH($B14,AO14:AY14,0)),1,0) | BZ14: =IF(BY14=1,0,BZ13+1) | CA14: =(COUNTIF(AZ14:BK14,1)>0)+(COUNTIF(AZ14:BK14,2)>0)+(COUNTIF(AZ14:BK14,3)>0)+(COUNTIF(AZ14:BK14,4)>0)+(COUNTIF(AZ14:BK14,5)>0)+(COUNTIF(AZ14:BK14,6)>0)+(COUNTIF(AZ14:BK14,7)>0)+(COUNTIF(AZ14:BK14,8)>0)+(COUNTIF(AZ14:BK14,9)>0)+(COUNTIF(AZ14:BK14,10)>0)+(COUNTIF(AZ14:BK14,11)>0)+(COUNTIF(AZ14:BK14,12)>0)+(COUNTIF(AZ14:BK14,13)>0)+(COUNTIF(AZ14:BK14,14)>0)+(COUNTIF(AZ14:BK14,15)>0)+(COUNTIF(AZ14:BK14,16)>0)+(COUNTIF(AZ14:BK14,17)>0)+(COUNTIF(AZ14:BK14,18)>0)+(COUNTIF(AZ14:BK14,19)>0)+(COUNTIF(AZ14:BK14,20)>0) | CB14: =IF(ISNUMBER(MATCH($B14,AZ14:BK14,0)),1,0) | CC14: =IF(CB14=1,0,CC13+1)
A15: 2026-05-05 20:00 | B15: 11 | C15: 7 | D15: 11 | E15: 1 | F15: 13 | G15: 13 | H15: 9 | I15: 18 | J15: 2 | K15: 8 | L15: 13 | M15: 8 | N15: 13 | O15: 6 | P15: 2 | Q15: 3 | R15: 20 | S15: 4 | T15: 19 | U15: 18 | V15: 7 | W15: 11 | X15: 1 | Y15: 13 | Z15: 9 | AA15: 18 | AB15: 2 | AC15: 8 | AD15: 6 | AE15: 7 | AF15: 11 | AG15: 1 | AH15: 13 | AI15: 9 | AJ15: 18 | AK15: 2 | AL15: 8 | AM15: 6 | AN15: 3 | AO15: 7 | AP15: 11 | AQ15: 1 | AR15: 13 | AS15: 9 | AT15: 18 | AU15: 2 | AV15: 8 | AW15: 6 | AX15: 3 | AY15: 20 | AZ15: 7 | BA15: 11 | BB15: 1 | BC15: 13 | BD15: 9 | BE15: 18 | BF15: 2 | BG15: 8 | BH15: 6 | BI15: 3 | BJ15: 20 | BK15: 4 | BL15: =(COUNTIF(C15:L15,1)>0)+(COUNTIF(C15:L15,2)>0)+(COUNTIF(C15:L15,3)>0)+(COUNTIF(C15:L15,4)>0)+(COUNTIF(C15:L15,5)>0)+(COUNTIF(C15:L15,6)>0)+(COUNTIF(C15:L15,7)>0)+(COUNTIF(C15:L15,8)>0)+(COUNTIF(C15:L15,9)>0)+(COUNTIF(C15:L15,10)>0)+(COUNTIF(C15:L15,11)>0)+(COUNTIF(C15:L15,12)>0)+(COUNTIF(C15:L15,13)>0)+(COUNTIF(C15:L15,14)>0)+(COUNTIF(C15:L15,15)>0)+(COUNTIF(C15:L15,16)>0)+(COUNTIF(C15:L15,17)>0)+(COUNTIF(C15:L15,18)>0)+(COUNTIF(C15:L15,19)>0)+(COUNTIF(C15:L15,20)>0) | BM15: =IF(ISNUMBER(MATCH($B15,C15:L15,0)),1,0) | BN15: =IF(BM15=1,0,BN14+1) | BO15: =(COUNTIF(M15:U15,1)>0)+(COUNTIF(M15:U15,2)>0)+(COUNTIF(M15:U15,3)>0)+(COUNTIF(M15:U15,4)>0)+(COUNTIF(M15:U15,5)>0)+(COUNTIF(M15:U15,6)>0)+(COUNTIF(M15:U15,7)>0)+(COUNTIF(M15:U15,8)>0)+(COUNTIF(M15:U15,9)>0)+(COUNTIF(M15:U15,10)>0)+(COUNTIF(M15:U15,11)>0)+(COUNTIF(M15:U15,12)>0)+(COUNTIF(M15:U15,13)>0)+(COUNTIF(M15:U15,14)>0)+(COUNTIF(M15:U15,15)>0)+(COUNTIF(M15:U15,16)>0)+(COUNTIF(M15:U15,17)>0)+(COUNTIF(M15:U15,18)>0)+(COUNTIF(M15:U15,19)>0)+(COUNTIF(M15:U15,20)>0) | BP15: =IF(ISNUMBER(MATCH($B15,M15:U15,0)),1,0) | BQ15: =IF(BP15=1,0,BQ14+1) | BR15: =(COUNTIF(V15:AD15,1)>0)+(COUNTIF(V15:AD15,2)>0)+(COUNTIF(V15:AD15,3)>0)+(COUNTIF(V15:AD15,4)>0)+(COUNTIF(V15:AD15,5)>0)+(COUNTIF(V15:AD15,6)>0)+(COUNTIF(V15:AD15,7)>0)+(COUNTIF(V15:AD15,8)>0)+(COUNTIF(V15:AD15,9)>0)+(COUNTIF(V15:AD15,10)>0)+(COUNTIF(V15:AD15,11)>0)+(COUNTIF(V15:AD15,12)>0)+(COUNTIF(V15:AD15,13)>0)+(COUNTIF(V15:AD15,14)>0)+(COUNTIF(V15:AD15,15)>0)+(COUNTIF(V15:AD15,16)>0)+(COUNTIF(V15:AD15,17)>0)+(COUNTIF(V15:AD15,18)>0)+(COUNTIF(V15:AD15,19)>0)+(COUNTIF(V15:AD15,20)>0) | BS15: =IF(ISNUMBER(MATCH($B15,V15:AD15,0)),1,0) | BT15: =IF(BS15=1,0,BT14+1) | BU15: =(COUNTIF(AE15:AN15,1)>0)+(COUNTIF(AE15:AN15,2)>0)+(COUNTIF(AE15:AN15,3)>0)+(COUNTIF(AE15:AN15,4)>0)+(COUNTIF(AE15:AN15,5)>0)+(COUNTIF(AE15:AN15,6)>0)+(COUNTIF(AE15:AN15,7)>0)+(COUNTIF(AE15:AN15,8)>0)+(COUNTIF(AE15:AN15,9)>0)+(COUNTIF(AE15:AN15,10)>0)+(COUNTIF(AE15:AN15,11)>0)+(COUNTIF(AE15:AN15,12)>0)+(COUNTIF(AE15:AN15,13)>0)+(COUNTIF(AE15:AN15,14)>0)+(COUNTIF(AE15:AN15,15)>0)+(COUNTIF(AE15:AN15,16)>0)+(COUNTIF(AE15:AN15,17)>0)+(COUNTIF(AE15:AN15,18)>0)+(COUNTIF(AE15:AN15,19)>0)+(COUNTIF(AE15:AN15,20)>0) | BV15: =IF(ISNUMBER(MATCH($B15,AE15:AN15,0)),1,0) | BW15: =IF(BV15=1,0,BW14+1) | BX15: =(COUNTIF(AO15:AY15,1)>0)+(COUNTIF(AO15:AY15,2)>0)+(COUNTIF(AO15:AY15,3)>0)+(COUNTIF(AO15:AY15,4)>0)+(COUNTIF(AO15:AY15,5)>0)+(COUNTIF(AO15:AY15,6)>0)+(COUNTIF(AO15:AY15,7)>0)+(COUNTIF(AO15:AY15,8)>0)+(COUNTIF(AO15:AY15,9)>0)+(COUNTIF(AO15:AY15,10)>0)+(COUNTIF(AO15:AY15,11)>0)+(COUNTIF(AO15:AY15,12)>0)+(COUNTIF(AO15:AY15,13)>0)+(COUNTIF(AO15:AY15,14)>0)+(COUNTIF(AO15:AY15,15)>0)+(COUNTIF(AO15:AY15,16)>0)+(COUNTIF(AO15:AY15,17)>0)+(COUNTIF(AO15:AY15,18)>0)+(COUNTIF(AO15:AY15,19)>0)+(COUNTIF(AO15:AY15,20)>0) | BY15: =IF(ISNUMBER(MATCH($B15,AO15:AY15,0)),1,0) | BZ15: =IF(BY15=1,0,BZ14+1) | CA15: =(COUNTIF(AZ15:BK15,1)>0)+(COUNTIF(AZ15:BK15,2)>0)+(COUNTIF(AZ15:BK15,3)>0)+(COUNTIF(AZ15:BK15,4)>0)+(COUNTIF(AZ15:BK15,5)>0)+(COUNTIF(AZ15:BK15,6)>0)+(COUNTIF(AZ15:BK15,7)>0)+(COUNTIF(AZ15:BK15,8)>0)+(COUNTIF(AZ15:BK15,9)>0)+(COUNTIF(AZ15:BK15,10)>0)+(COUNTIF(AZ15:BK15,11)>0)+(COUNTIF(AZ15:BK15,12)>0)+(COUNTIF(AZ15:BK15,13)>0)+(COUNTIF(AZ15:BK15,14)>0)+(COUNTIF(AZ15:BK15,15)>0)+(COUNTIF(AZ15:BK15,16)>0)+(COUNTIF(AZ15:BK15,17)>0)+(COUNTIF(AZ15:BK15,18)>0)+(COUNTIF(AZ15:BK15,19)>0)+(COUNTIF(AZ15:BK15,20)>0) | CB15: =IF(ISNUMBER(MATCH($B15,AZ15:BK15,0)),1,0) | CC15: =IF(CB15=1,0,CC14+1)
A16: 2026-05-05 21:00 | B16: 7 | C16: 14 | D16: 9 | E16: 15 | F16: 5 | G16: 20 | H16: 4 | I16: 16 | J16: 2 | K16: 8 | L16: 17 | M16: 8 | N16: 17 | O16: 2 | P16: 11 | Q16: 16 | R16: 13 | S16: 15 | T16: 3 | U16: 1 | V16: 14 | W16: 9 | X16: 15 | Y16: 5 | Z16: 20 | AA16: 4 | AB16: 16 | AC16: 2 | AD16: 8 | AE16: 14 | AF16: 9 | AG16: 15 | AH16: 5 | AI16: 20 | AJ16: 4 | AK16: 16 | AL16: 2 | AM16: 8 | AN16: 17 | AO16: 14 | AP16: 9 | AQ16: 15 | AR16: 5 | AS16: 20 | AT16: 4 | AU16: 16 | AV16: 2 | AW16: 8 | AX16: 17 | AY16: 11 | AZ16: 14 | BA16: 9 | BB16: 15 | BC16: 5 | BD16: 20 | BE16: 4 | BF16: 16 | BG16: 2 | BH16: 8 | BI16: 17 | BJ16: 11 | BK16: 13 | BL16: =(COUNTIF(C16:L16,1)>0)+(COUNTIF(C16:L16,2)>0)+(COUNTIF(C16:L16,3)>0)+(COUNTIF(C16:L16,4)>0)+(COUNTIF(C16:L16,5)>0)+(COUNTIF(C16:L16,6)>0)+(COUNTIF(C16:L16,7)>0)+(COUNTIF(C16:L16,8)>0)+(COUNTIF(C16:L16,9)>0)+(COUNTIF(C16:L16,10)>0)+(COUNTIF(C16:L16,11)>0)+(COUNTIF(C16:L16,12)>0)+(COUNTIF(C16:L16,13)>0)+(COUNTIF(C16:L16,14)>0)+(COUNTIF(C16:L16,15)>0)+(COUNTIF(C16:L16,16)>0)+(COUNTIF(C16:L16,17)>0)+(COUNTIF(C16:L16,18)>0)+(COUNTIF(C16:L16,19)>0)+(COUNTIF(C16:L16,20)>0) | BM16: =IF(ISNUMBER(MATCH($B16,C16:L16,0)),1,0) | BN16: =IF(BM16=1,0,BN15+1) | BO16: =(COUNTIF(M16:U16,1)>0)+(COUNTIF(M16:U16,2)>0)+(COUNTIF(M16:U16,3)>0)+(COUNTIF(M16:U16,4)>0)+(COUNTIF(M16:U16,5)>0)+(COUNTIF(M16:U16,6)>0)+(COUNTIF(M16:U16,7)>0)+(COUNTIF(M16:U16,8)>0)+(COUNTIF(M16:U16,9)>0)+(COUNTIF(M16:U16,10)>0)+(COUNTIF(M16:U16,11)>0)+(COUNTIF(M16:U16,12)>0)+(COUNTIF(M16:U16,13)>0)+(COUNTIF(M16:U16,14)>0)+(COUNTIF(M16:U16,15)>0)+(COUNTIF(M16:U16,16)>0)+(COUNTIF(M16:U16,17)>0)+(COUNTIF(M16:U16,18)>0)+(COUNTIF(M16:U16,19)>0)+(COUNTIF(M16:U16,20)>0) | BP16: =IF(ISNUMBER(MATCH($B16,M16:U16,0)),1,0) | BQ16: =IF(BP16=1,0,BQ15+1) | BR16: =(COUNTIF(V16:AD16,1)>0)+(COUNTIF(V16:AD16,2)>0)+(COUNTIF(V16:AD16,3)>0)+(COUNTIF(V16:AD16,4)>0)+(COUNTIF(V16:AD16,5)>0)+(COUNTIF(V16:AD16,6)>0)+(COUNTIF(V16:AD16,7)>0)+(COUNTIF(V16:AD16,8)>0)+(COUNTIF(V16:AD16,9)>0)+(COUNTIF(V16:AD16,10)>0)+(COUNTIF(V16:AD16,11)>0)+(COUNTIF(V16:AD16,12)>0)+(COUNTIF(V16:AD16,13)>0)+(COUNTIF(V16:AD16,14)>0)+(COUNTIF(V16:AD16,15)>0)+(COUNTIF(V16:AD16,16)>0)+(COUNTIF(V16:AD16,17)>0)+(COUNTIF(V16:AD16,18)>0)+(COUNTIF(V16:AD16,19)>0)+(COUNTIF(V16:AD16,20)>0) | BS16: =IF(ISNUMBER(MATCH($B16,V16:AD16,0)),1,0) | BT16: =IF(BS16=1,0,BT15+1) | BU16: =(COUNTIF(AE16:AN16,1)>0)+(COUNTIF(AE16:AN16,2)>0)+(COUNTIF(AE16:AN16,3)>0)+(COUNTIF(AE16:AN16,4)>0)+(COUNTIF(AE16:AN16,5)>0)+(COUNTIF(AE16:AN16,6)>0)+(COUNTIF(AE16:AN16,7)>0)+(COUNTIF(AE16:AN16,8)>0)+(COUNTIF(AE16:AN16,9)>0)+(COUNTIF(AE16:AN16,10)>0)+(COUNTIF(AE16:AN16,11)>0)+(COUNTIF(AE16:AN16,12)>0)+(COUNTIF(AE16:AN16,13)>0)+(COUNTIF(AE16:AN16,14)>0)+(COUNTIF(AE16:AN16,15)>0)+(COUNTIF(AE16:AN16,16)>0)+(COUNTIF(AE16:AN16,17)>0)+(COUNTIF(AE16:AN16,18)>0)+(COUNTIF(AE16:AN16,19)>0)+(COUNTIF(AE16:AN16,20)>0) | BV16: =IF(ISNUMBER(MATCH($B16,AE16:AN16,0)),1,0) | BW16: =IF(BV16=1,0,BW15+1) | BX16: =(COUNTIF(AO16:AY16,1)>0)+(COUNTIF(AO16:AY16,2)>0)+(COUNTIF(AO16:AY16,3)>0)+(COUNTIF(AO16:AY16,4)>0)+(COUNTIF(AO16:AY16,5)>0)+(COUNTIF(AO16:AY16,6)>0)+(COUNTIF(AO16:AY16,7)>0)+(COUNTIF(AO16:AY16,8)>0)+(COUNTIF(AO16:AY16,9)>0)+(COUNTIF(AO16:AY16,10)>0)+(COUNTIF(AO16:AY16,11)>0)+(COUNTIF(AO16:AY16,12)>0)+(COUNTIF(AO16:AY16,13)>0)+(COUNTIF(AO16:AY16,14)>0)+(COUNTIF(AO16:AY16,15)>0)+(COUNTIF(AO16:AY16,16)>0)+(COUNTIF(AO16:AY16,17)>0)+(COUNTIF(AO16:AY16,18)>0)+(COUNTIF(AO16:AY16,19)>0)+(COUNTIF(AO16:AY16,20)>0) | BY16: =IF(ISNUMBER(MATCH($B16,AO16:AY16,0)),1,0) | BZ16: =IF(BY16=1,0,BZ15+1) | CA16: =(COUNTIF(AZ16:BK16,1)>0)+(COUNTIF(AZ16:BK16,2)>0)+(COUNTIF(AZ16:BK16,3)>0)+(COUNTIF(AZ16:BK16,4)>0)+(COUNTIF(AZ16:BK16,5)>0)+(COUNTIF(AZ16:BK16,6)>0)+(COUNTIF(AZ16:BK16,7)>0)+(COUNTIF(AZ16:BK16,8)>0)+(COUNTIF(AZ16:BK16,9)>0)+(COUNTIF(AZ16:BK16,10)>0)+(COUNTIF(AZ16:BK16,11)>0)+(COUNTIF(AZ16:BK16,12)>0)+(COUNTIF(AZ16:BK16,13)>0)+(COUNTIF(AZ16:BK16,14)>0)+(COUNTIF(AZ16:BK16,15)>0)+(COUNTIF(AZ16:BK16,16)>0)+(COUNTIF(AZ16:BK16,17)>0)+(COUNTIF(AZ16:BK16,18)>0)+(COUNTIF(AZ16:BK16,19)>0)+(COUNTIF(AZ16:BK16,20)>0) | CB16: =IF(ISNUMBER(MATCH($B16,AZ16:BK16,0)),1,0) | CC16: =IF(CB16=1,0,CC15+1)
A17: 2026-05-05 22:00 | B17: 10 | C17: 13 | D17: 3 | E17: 9 | F17: 13 | G17: 16 | H17: 11 | I17: 7 | J17: 15 | K17: 8 | L17: 18 | M17: 12 | N17: 16 | O17: 8 | P17: 2 | Q17: 15 | R17: 3 | S17: 17 | T17: 11 | U17: 13 | V17: 13 | W17: 3 | X17: 9 | Y17: 16 | Z17: 11 | AA17: 7 | AB17: 15 | AC17: 8 | AD17: 18 | AE17: 13 | AF17: 3 | AG17: 9 | AH17: 16 | AI17: 11 | AJ17: 7 | AK17: 15 | AL17: 8 | AM17: 18 | AN17: 12 | AO17: 13 | AP17: 3 | AQ17: 9 | AR17: 16 | AS17: 11 | AT17: 7 | AU17: 15 | AV17: 8 | AW17: 18 | AX17: 12 | AY17: 2 | AZ17: 13 | BA17: 3 | BB17: 9 | BC17: 16 | BD17: 11 | BE17: 7 | BF17: 15 | BG17: 8 | BH17: 18 | BI17: 12 | BJ17: 2 | BK17: 17 | BL17: =(COUNTIF(C17:L17,1)>0)+(COUNTIF(C17:L17,2)>0)+(COUNTIF(C17:L17,3)>0)+(COUNTIF(C17:L17,4)>0)+(COUNTIF(C17:L17,5)>0)+(COUNTIF(C17:L17,6)>0)+(COUNTIF(C17:L17,7)>0)+(COUNTIF(C17:L17,8)>0)+(COUNTIF(C17:L17,9)>0)+(COUNTIF(C17:L17,10)>0)+(COUNTIF(C17:L17,11)>0)+(COUNTIF(C17:L17,12)>0)+(COUNTIF(C17:L17,13)>0)+(COUNTIF(C17:L17,14)>0)+(COUNTIF(C17:L17,15)>0)+(COUNTIF(C17:L17,16)>0)+(COUNTIF(C17:L17,17)>0)+(COUNTIF(C17:L17,18)>0)+(COUNTIF(C17:L17,19)>0)+(COUNTIF(C17:L17,20)>0) | BM17: =IF(ISNUMBER(MATCH($B17,C17:L17,0)),1,0) | BN17: =IF(BM17=1,0,BN16+1) | BO17: =(COUNTIF(M17:U17,1)>0)+(COUNTIF(M17:U17,2)>0)+(COUNTIF(M17:U17,3)>0)+(COUNTIF(M17:U17,4)>0)+(COUNTIF(M17:U17,5)>0)+(COUNTIF(M17:U17,6)>0)+(COUNTIF(M17:U17,7)>0)+(COUNTIF(M17:U17,8)>0)+(COUNTIF(M17:U17,9)>0)+(COUNTIF(M17:U17,10)>0)+(COUNTIF(M17:U17,11)>0)+(COUNTIF(M17:U17,12)>0)+(COUNTIF(M17:U17,13)>0)+(COUNTIF(M17:U17,14)>0)+(COUNTIF(M17:U17,15)>0)+(COUNTIF(M17:U17,16)>0)+(COUNTIF(M17:U17,17)>0)+(COUNTIF(M17:U17,18)>0)+(COUNTIF(M17:U17,19)>0)+(COUNTIF(M17:U17,20)>0) | BP17: =IF(ISNUMBER(MATCH($B17,M17:U17,0)),1,0) | BQ17: =IF(BP17=1,0,BQ16+1) | BR17: =(COUNTIF(V17:AD17,1)>0)+(COUNTIF(V17:AD17,2)>0)+(COUNTIF(V17:AD17,3)>0)+(COUNTIF(V17:AD17,4)>0)+(COUNTIF(V17:AD17,5)>0)+(COUNTIF(V17:AD17,6)>0)+(COUNTIF(V17:AD17,7)>0)+(COUNTIF(V17:AD17,8)>0)+(COUNTIF(V17:AD17,9)>0)+(COUNTIF(V17:AD17,10)>0)+(COUNTIF(V17:AD17,11)>0)+(COUNTIF(V17:AD17,12)>0)+(COUNTIF(V17:AD17,13)>0)+(COUNTIF(V17:AD17,14)>0)+(COUNTIF(V17:AD17,15)>0)+(COUNTIF(V17:AD17,16)>0)+(COUNTIF(V17:AD17,17)>0)+(COUNTIF(V17:AD17,18)>0)+(COUNTIF(V17:AD17,19)>0)+(COUNTIF(V17:AD17,20)>0) | BS17: =IF(ISNUMBER(MATCH($B17,V17:AD17,0)),1,0) | BT17: =IF(BS17=1,0,BT16+1) | BU17: =(COUNTIF(AE17:AN17,1)>0)+(COUNTIF(AE17:AN17,2)>0)+(COUNTIF(AE17:AN17,3)>0)+(COUNTIF(AE17:AN17,4)>0)+(COUNTIF(AE17:AN17,5)>0)+(COUNTIF(AE17:AN17,6)>0)+(COUNTIF(AE17:AN17,7)>0)+(COUNTIF(AE17:AN17,8)>0)+(COUNTIF(AE17:AN17,9)>0)+(COUNTIF(AE17:AN17,10)>0)+(COUNTIF(AE17:AN17,11)>0)+(COUNTIF(AE17:AN17,12)>0)+(COUNTIF(AE17:AN17,13)>0)+(COUNTIF(AE17:AN17,14)>0)+(COUNTIF(AE17:AN17,15)>0)+(COUNTIF(AE17:AN17,16)>0)+(COUNTIF(AE17:AN17,17)>0)+(COUNTIF(AE17:AN17,18)>0)+(COUNTIF(AE17:AN17,19)>0)+(COUNTIF(AE17:AN17,20)>0) | BV17: =IF(ISNUMBER(MATCH($B17,AE17:AN17,0)),1,0) | BW17: =IF(BV17=1,0,BW16+1) | BX17: =(COUNTIF(AO17:AY17,1)>0)+(COUNTIF(AO17:AY17,2)>0)+(COUNTIF(AO17:AY17,3)>0)+(COUNTIF(AO17:AY17,4)>0)+(COUNTIF(AO17:AY17,5)>0)+(COUNTIF(AO17:AY17,6)>0)+(COUNTIF(AO17:AY17,7)>0)+(COUNTIF(AO17:AY17,8)>0)+(COUNTIF(AO17:AY17,9)>0)+(COUNTIF(AO17:AY17,10)>0)+(COUNTIF(AO17:AY17,11)>0)+(COUNTIF(AO17:AY17,12)>0)+(COUNTIF(AO17:AY17,13)>0)+(COUNTIF(AO17:AY17,14)>0)+(COUNTIF(AO17:AY17,15)>0)+(COUNTIF(AO17:AY17,16)>0)+(COUNTIF(AO17:AY17,17)>0)+(COUNTIF(AO17:AY17,18)>0)+(COUNTIF(AO17:AY17,19)>0)+(COUNTIF(AO17:AY17,20)>0) | BY17: =IF(ISNUMBER(MATCH($B17,AO17:AY17,0)),1,0) | BZ17: =IF(BY17=1,0,BZ16+1) | CA17: =(COUNTIF(AZ17:BK17,1)>0)+(COUNTIF(AZ17:BK17,2)>0)+(COUNTIF(AZ17:BK17,3)>0)+(COUNTIF(AZ17:BK17,4)>0)+(COUNTIF(AZ17:BK17,5)>0)+(COUNTIF(AZ17:BK17,6)>0)+(COUNTIF(AZ17:BK17,7)>0)+(COUNTIF(AZ17:BK17,8)>0)+(COUNTIF(AZ17:BK17,9)>0)+(COUNTIF(AZ17:BK17,10)>0)+(COUNTIF(AZ17:BK17,11)>0)+(COUNTIF(AZ17:BK17,12)>0)+(COUNTIF(AZ17:BK17,13)>0)+(COUNTIF(AZ17:BK17,14)>0)+(COUNTIF(AZ17:BK17,15)>0)+(COUNTIF(AZ17:BK17,16)>0)+(COUNTIF(AZ17:BK17,17)>0)+(COUNTIF(AZ17:BK17,18)>0)+(COUNTIF(AZ17:BK17,19)>0)+(COUNTIF(AZ17:BK17,20)>0) | CB17: =IF(ISNUMBER(MATCH($B17,AZ17:BK17,0)),1,0) | CC17: =IF(CB17=1,0,CC16+1)
... A62: 2026-09-28 14:00 | B62: 16 | C62: 7 | D62: 15 | E62: 10 | F62: 18 | G62: 6 | H62: 14 | I62: 4 | J62: 2 | K62: 19 | L62: 16 | M62: 15 | N62: 17 | O62: 5 | P62: 11 | Q62: 6 | R62: 18 | S62: 3 | T62: 20 | U62: 8 | V62: 7 | W62: 15 | X62: 10 | Y62: 18 | Z62: 6 | AA62: 14 | AB62: 4 | AC62: 2 | AD62: 19 | AE62: 7 | AF62: 15 | AG62: 10 | AH62: 18 | AI62: 6 | AJ62: 14 | AK62: 4 | AL62: 2 | AM62: 19 | AN62: 16 | AO62: 7 | AP62: 15 | AQ62: 10 | AR62: 18 | AS62: 6 | AT62: 14 | AU62: 4 | AV62: 2 | AW62: 19 | AX62: 16 | AY62: 17 | AZ62: 7 | BA62: 15 | BB62: 10 | BC62: 18 | BD62: 6 | BE62: 14 | BF62: 4 | BG62: 2 | BH62: 19 | BI62: 16 | BJ62: 17 | BK62: 5 | BL62: =(COUNTIF(C62:L62,1)>0)+(COUNTIF(C62:L62,2)>0)+(COUNTIF(C62:L62,3)>0)+(COUNTIF(C62:L62,4)>0)+(COUNTIF(C62:L62,5)>0)+(COUNTIF(C62:L62,6)>0)+(COUNTIF(C62:L62,7)>0)+(COUNTIF(C62:L62,8)>0)+(COUNTIF(C62:L62,9)>0)+(COUNTIF(C62:L62,10)>0)+(COUNTIF(C62:L62,11)>0)+(COUNTIF(C62:L62,12)>0)+(COUNTIF(C62:L62,13)>0)+(COUNTIF(C62:L62,14)>0)+(COUNTIF(C62:L62,15)>0)+(COUNTIF(C62:L62,16)>0)+(COUNTIF(C62:L62,17)>0)+(COUNTIF(C62:L62,18)>0)+(COUNTIF(C62:L62,19)>0)+(COUNTIF(C62:L62,20)>0) | BM62: =IF(ISNUMBER(MATCH($B62,C62:L62,0)),1,0) | BN62: =IF(BM62=1,0,BN61+1) | BO62: =(COUNTIF(M62:U62,1)>0)+(COUNTIF(M62:U62,2)>0)+(COUNTIF(M62:U62,3)>0)+(COUNTIF(M62:U62,4)>0)+(COUNTIF(M62:U62,5)>0)+(COUNTIF(M62:U62,6)>0)+(COUNTIF(M62:U62,7)>0)+(COUNTIF(M62:U62,8)>0)+(COUNTIF(M62:U62,9)>0)+(COUNTIF(M62:U62,10)>0)+(COUNTIF(M62:U62,11)>0)+(COUNTIF(M62:U62,12)>0)+(COUNTIF(M62:U62,13)>0)+(COUNTIF(M62:U62,14)>0)+(COUNTIF(M62:U62,15)>0)+(COUNTIF(M62:U62,16)>0)+(COUNTIF(M62:U62,17)>0)+(COUNTIF(M62:U62,18)>0)+(COUNTIF(M62:U62,19)>0)+(COUNTIF(M62:U62,20)>0) | BP62: =IF(ISNUMBER(MATCH($B62,M62:U62,0)),1,0) | BQ62: =IF(BP62=1,0,BQ61+1) | BR62: =(COUNTIF(V62:AD62,1)>0)+(COUNTIF(V62:AD62,2)>0)+(COUNTIF(V62:AD62,3)>0)+(COUNTIF(V62:AD62,4)>0)+(COUNTIF(V62:AD62,5)>0)+(COUNTIF(V62:AD62,6)>0)+(COUNTIF(V62:AD62,7)>0)+(COUNTIF(V62:AD62,8)>0)+(COUNTIF(V62:AD62,9)>0)+(COUNTIF(V62:AD62,10)>0)+(COUNTIF(V62:AD62,11)>0)+(COUNTIF(V62:AD62,12)>0)+(COUNTIF(V62:AD62,13)>0)+(COUNTIF(V62:AD62,14)>0)+(COUNTIF(V62:AD62,15)>0)+(COUNTIF(V62:AD62,16)>0)+(COUNTIF(V62:AD62,17)>0)+(COUNTIF(V62:AD62,18)>0)+(COUNTIF(V62:AD62,19)>0)+(COUNTIF(V62:AD62,20)>0) | BS62: =IF(ISNUMBER(MATCH($B62,V62:AD62,0)),1,0) | BT62: =IF(BS62=1,0,BT61+1) | BU62: =(COUNTIF(AE62:AN62,1)>0)+(COUNTIF(AE62:AN62,2)>0)+(COUNTIF(AE62:AN62,3)>0)+(COUNTIF(AE62:AN62,4)>0)+(COUNTIF(AE62:AN62,5)>0)+(COUNTIF(AE62:AN62,6)>0)+(COUNTIF(AE62:AN62,7)>0)+(COUNTIF(AE62:AN62,8)>0)+(COUNTIF(AE62:AN62,9)>0)+(COUNTIF(AE62:AN62,10)>0)+(COUNTIF(AE62:AN62,11)>0)+(COUNTIF(AE62:AN62,12)>0)+(COUNTIF(AE62:AN62,13)>0)+(COUNTIF(AE62:AN62,14)>0)+(COUNTIF(AE62:AN62,15)>0)+(COUNTIF(AE62:AN62,16)>0)+(COUNTIF(AE62:AN62,17)>0)+(COUNTIF(AE62:AN62,18)>0)+(COUNTIF(AE62:AN62,19)>0)+(COUNTIF(AE62:AN62,20)>0) | BV62: =IF(ISNUMBER(MATCH($B62,AE62:AN62,0)),1,0) | BW62: =IF(BV62=1,0,BW61+1) | BX62: =(COUNTIF(AO62:AY62,1)>0)+(COUNTIF(AO62:AY62,2)>0)+(COUNTIF(AO62:AY62,3)>0)+(COUNTIF(AO62:AY62,4)>0)+(COUNTIF(AO62:AY62,5)>0)+(COUNTIF(AO62:AY62,6)>0)+(COUNTIF(AO62:AY62,7)>0)+(COUNTIF(AO62:AY62,8)>0)+(COUNTIF(AO62:AY62,9)>0)+(COUNTIF(AO62:AY62,10)>0)+(COUNTIF(AO62:AY62,11)>0)+(COUNTIF(AO62:AY62,12)>0)+(COUNTIF(AO62:AY62,13)>0)+(COUNTIF(AO62:AY62,14)>0)+(COUNTIF(AO62:AY62,15)>0)+(COUNTIF(AO62:AY62,16)>0)+(COUNTIF(AO62:AY62,17)>0)+(COUNTIF(AO62:AY62,18)>0)+(COUNTIF(AO62:AY62,19)>0)+(COUNTIF(AO62:AY62,20)>0) | BY62: =IF(ISNUMBER(MATCH($B62,AO62:AY62,0)),1,0) | BZ62: =IF(BY62=1,0,BZ61+1) | CA62: =(COUNTIF(AZ62:BK62,1)>0)+(COUNTIF(AZ62:BK62,2)>0)+(COUNTIF(AZ62:BK62,3)>0)+(COUNTIF(AZ62:BK62,4)>0)+(COUNTIF(AZ62:BK62,5)>0)+(COUNTIF(AZ62:BK62,6)>0)+(COUNTIF(AZ62:BK62,7)>0)+(COUNTIF(AZ62:BK62,8)>0)+(COUNTIF(AZ62:BK62,9)>0)+(COUNTIF(AZ62:BK62,10)>0)+(COUNTIF(AZ62:BK62,11)>0)+(COUNTIF(AZ62:BK62,12)>0)+(COUNTIF(AZ62:BK62,13)>0)+(COUNTIF(AZ62:BK62,14)>0)+(COUNTIF(AZ62:BK62,15)>0)+(COUNTIF(AZ62:BK62,16)>0)+(COUNTIF(AZ62:BK62,17)>0)+(COUNTIF(AZ62:BK62,18)>0)+(COUNTIF(AZ62:BK62,19)>0)+(COUNTIF(AZ62:BK62,20)>0) | CB62: =IF(ISNUMBER(MATCH($B62,AZ62:BK62,0)),1,0) | CC62: =IF(CB62=1,0,CC61+1)
A63: 2026-09-28 15:00 | B63: 1 | C63: 4 | D63: 16 | E63: 13 | F63: 2 | G63: 11 | H63: 4 | I63: 9 | J63: 16 | K63: 6 | L63: 2 | M63: 18 | N63: 9 | O63: 3 | P63: 6 | Q63: 19 | R63: 2 | S63: 15 | T63: 11 | U63: 16 | V63: 4 | W63: 16 | X63: 13 | Y63: 2 | Z63: 11 | AA63: 9 | AB63: 6 | AC63: 18 | AD63: 3 | AE63: 4 | AF63: 16 | AG63: 13 | AH63: 2 | AI63: 11 | AJ63: 9 | AK63: 6 | AL63: 18 | AM63: 3 | AN63: 19 | AO63: 4 | AP63: 16 | AQ63: 13 | AR63: 2 | AS63: 11 | AT63: 9 | AU63: 6 | AV63: 18 | AW63: 3 | AX63: 19 | AY63: 15 | AZ63: 4 | BA63: 16 | BB63: 13 | BC63: 2 | BD63: 11 | BE63: 9 | BF63: 6 | BG63: 18 | BH63: 3 | BI63: 19 | BJ63: 15 | BL63: =(COUNTIF(C63:L63,1)>0)+(COUNTIF(C63:L63,2)>0)+(COUNTIF(C63:L63,3)>0)+(COUNTIF(C63:L63,4)>0)+(COUNTIF(C63:L63,5)>0)+(COUNTIF(C63:L63,6)>0)+(COUNTIF(C63:L63,7)>0)+(COUNTIF(C63:L63,8)>0)+(COUNTIF(C63:L63,9)>0)+(COUNTIF(C63:L63,10)>0)+(COUNTIF(C63:L63,11)>0)+(COUNTIF(C63:L63,12)>0)+(COUNTIF(C63:L63,13)>0)+(COUNTIF(C63:L63,14)>0)+(COUNTIF(C63:L63,15)>0)+(COUNTIF(C63:L63,16)>0)+(COUNTIF(C63:L63,17)>0)+(COUNTIF(C63:L63,18)>0)+(COUNTIF(C63:L63,19)>0)+(COUNTIF(C63:L63,20)>0) | BM63: =IF(ISNUMBER(MATCH($B63,C63:L63,0)),1,0) | BN63: =IF(BM63=1,0,BN62+1) | BO63: =(COUNTIF(M63:U63,1)>0)+(COUNTIF(M63:U63,2)>0)+(COUNTIF(M63:U63,3)>0)+(COUNTIF(M63:U63,4)>0)+(COUNTIF(M63:U63,5)>0)+(COUNTIF(M63:U63,6)>0)+(COUNTIF(M63:U63,7)>0)+(COUNTIF(M63:U63,8)>0)+(COUNTIF(M63:U63,9)>0)+(COUNTIF(M63:U63,10)>0)+(COUNTIF(M63:U63,11)>0)+(COUNTIF(M63:U63,12)>0)+(COUNTIF(M63:U63,13)>0)+(COUNTIF(M63:U63,14)>0)+(COUNTIF(M63:U63,15)>0)+(COUNTIF(M63:U63,16)>0)+(COUNTIF(M63:U63,17)>0)+(COUNTIF(M63:U63,18)>0)+(COUNTIF(M63:U63,19)>0)+(COUNTIF(M63:U63,20)>0) | BP63: =IF(ISNUMBER(MATCH($B63,M63:U63,0)),1,0) | BQ63: =IF(BP63=1,0,BQ62+1) | BR63: =(COUNTIF(V63:AD63,1)>0)+(COUNTIF(V63:AD63,2)>0)+(COUNTIF(V63:AD63,3)>0)+(COUNTIF(V63:AD63,4)>0)+(COUNTIF(V63:AD63,5)>0)+(COUNTIF(V63:AD63,6)>0)+(COUNTIF(V63:AD63,7)>0)+(COUNTIF(V63:AD63,8)>0)+(COUNTIF(V63:AD63,9)>0)+(COUNTIF(V63:AD63,10)>0)+(COUNTIF(V63:AD63,11)>0)+(COUNTIF(V63:AD63,12)>0)+(COUNTIF(V63:AD63,13)>0)+(COUNTIF(V63:AD63,14)>0)+(COUNTIF(V63:AD63,15)>0)+(COUNTIF(V63:AD63,16)>0)+(COUNTIF(V63:AD63,17)>0)+(COUNTIF(V63:AD63,18)>0)+(COUNTIF(V63:AD63,19)>0)+(COUNTIF(V63:AD63,20)>0) | BS63: =IF(ISNUMBER(MATCH($B63,V63:AD63,0)),1,0) | BT63: =IF(BS63=1,0,BT62+1) | BU63: =(COUNTIF(AE63:AN63,1)>0)+(COUNTIF(AE63:AN63,2)>0)+(COUNTIF(AE63:AN63,3)>0)+(COUNTIF(AE63:AN63,4)>0)+(COUNTIF(AE63:AN63,5)>0)+(COUNTIF(AE63:AN63,6)>0)+(COUNTIF(AE63:AN63,7)>0)+(COUNTIF(AE63:AN63,8)>0)+(COUNTIF(AE63:AN63,9)>0)+(COUNTIF(AE63:AN63,10)>0)+(COUNTIF(AE63:AN63,11)>0)+(COUNTIF(AE63:AN63,12)>0)+(COUNTIF(AE63:AN63,13)>0)+(COUNTIF(AE63:AN63,14)>0)+(COUNTIF(AE63:AN63,15)>0)+(COUNTIF(AE63:AN63,16)>0)+(COUNTIF(AE63:AN63,17)>0)+(COUNTIF(AE63:AN63,18)>0)+(COUNTIF(AE63:AN63,19)>0)+(COUNTIF(AE63:AN63,20)>0) | BV63: =IF(ISNUMBER(MATCH($B63,AE63:AN63,0)),1,0) | BW63: =IF(BV63=1,0,BW62+1) | BX63: =(COUNTIF(AO63:AY63,1)>0)+(COUNTIF(AO63:AY63,2)>0)+(COUNTIF(AO63:AY63,3)>0)+(COUNTIF(AO63:AY63,4)>0)+(COUNTIF(AO63:AY63,5)>0)+(COUNTIF(AO63:AY63,6)>0)+(COUNTIF(AO63:AY63,7)>0)+(COUNTIF(AO63:AY63,8)>0)+(COUNTIF(AO63:AY63,9)>0)+(COUNTIF(AO63:AY63,10)>0)+(COUNTIF(AO63:AY63,11)>0)+(COUNTIF(AO63:AY63,12)>0)+(COUNTIF(AO63:AY63,13)>0)+(COUNTIF(AO63:AY63,14)>0)+(COUNTIF(AO63:AY63,15)>0)+(COUNTIF(AO63:AY63,16)>0)+(COUNTIF(AO63:AY63,17)>0)+(COUNTIF(AO63:AY63,18)>0)+(COUNTIF(AO63:AY63,19)>0)+(COUNTIF(AO63:AY63,20)>0) | BY63: =IF(ISNUMBER(MATCH($B63,AO63:AY63,0)),1,0) | BZ63: =IF(BY63=1,0,BZ62+1) | CA63: =(COUNTIF(AZ63:BK63,1)>0)+(COUNTIF(AZ63:BK63,2)>0)+(COUNTIF(AZ63:BK63,3)>0)+(COUNTIF(AZ63:BK63,4)>0)+(COUNTIF(AZ63:BK63,5)>0)+(COUNTIF(AZ63:BK63,6)>0)+(COUNTIF(AZ63:BK63,7)>0)+(COUNTIF(AZ63:BK63,8)>0)+(COUNTIF(AZ63:BK63,9)>0)+(COUNTIF(AZ63:BK63,10)>0)+(COUNTIF(AZ63:BK63,11)>0)+(COUNTIF(AZ63:BK63,12)>0)+(COUNTIF(AZ63:BK63,13)>0)+(COUNTIF(AZ63:BK63,14)>0)+(COUNTIF(AZ63:BK63,15)>0)+(COUNTIF(AZ63:BK63,16)>0)+(COUNTIF(AZ63:BK63,17)>0)+(COUNTIF(AZ63:BK63,18)>0)+(COUNTIF(AZ63:BK63,19)>0)+(COUNTIF(AZ63:BK63,20)>0) | CB63: =IF(ISNUMBER(MATCH($B63,AZ63:BK63,0)),1,0) | CC63: =IF(CB63=1,0,CC62+1)
A64: 2026-09-28 16:00 | B64: 12 | C64: 12 | D64: 14 | E64: 4 | F64: 3 | G64: 14 | H64: 10 | I64: 1 | J64: 19 | K64: 16 | L64: 11 | M64: 13 | N64: 2 | O64: 11 | P64: 5 | Q64: 10 | R64: 8 | S64: 6 | T64: 16 | U64: 4 | V64: 12 | W64: 14 | X64: 4 | Y64: 3 | Z64: 10 | AA64: 1 | AB64: 19 | AC64: 16 | AD64: 11 | AE64: 12 | AF64: 14 | AG64: 4 | AH64: 3 | AI64: 10 | AJ64: 1 | AK64: 19 | AL64: 16 | AM64: 11 | AN64: 13 | AO64: 12 | AP64: 14 | AQ64: 4 | AR64: 3 | AS64: 10 | AT64: 1 | AU64: 19 | AV64: 16 | AW64: 11 | AX64: 13 | AY64: 2 | AZ64: 12 | BA64: 14 | BB64: 4 | BC64: 3 | BD64: 10 | BE64: 1 | BF64: 19 | BG64: 16 | BH64: 11 | BI64: 13 | BJ64: 2 | BK64: 5 | BL64: =(COUNTIF(C64:L64,1)>0)+(COUNTIF(C64:L64,2)>0)+(COUNTIF(C64:L64,3)>0)+(COUNTIF(C64:L64,4)>0)+(COUNTIF(C64:L64,5)>0)+(COUNTIF(C64:L64,6)>0)+(COUNTIF(C64:L64,7)>0)+(COUNTIF(C64:L64,8)>0)+(COUNTIF(C64:L64,9)>0)+(COUNTIF(C64:L64,10)>0)+(COUNTIF(C64:L64,11)>0)+(COUNTIF(C64:L64,12)>0)+(COUNTIF(C64:L64,13)>0)+(COUNTIF(C64:L64,14)>0)+(COUNTIF(C64:L64,15)>0)+(COUNTIF(C64:L64,16)>0)+(COUNTIF(C64:L64,17)>0)+(COUNTIF(C64:L64,18)>0)+(COUNTIF(C64:L64,19)>0)+(COUNTIF(C64:L64,20)>0) | BM64: =IF(ISNUMBER(MATCH($B64,C64:L64,0)),1,0) | BN64: =IF(BM64=1,0,BN63+1) | BO64: =(COUNTIF(M64:U64,1)>0)+(COUNTIF(M64:U64,2)>0)+(COUNTIF(M64:U64,3)>0)+(COUNTIF(M64:U64,4)>0)+(COUNTIF(M64:U64,5)>0)+(COUNTIF(M64:U64,6)>0)+(COUNTIF(M64:U64,7)>0)+(COUNTIF(M64:U64,8)>0)+(COUNTIF(M64:U64,9)>0)+(COUNTIF(M64:U64,10)>0)+(COUNTIF(M64:U64,11)>0)+(COUNTIF(M64:U64,12)>0)+(COUNTIF(M64:U64,13)>0)+(COUNTIF(M64:U64,14)>0)+(COUNTIF(M64:U64,15)>0)+(COUNTIF(M64:U64,16)>0)+(COUNTIF(M64:U64,17)>0)+(COUNTIF(M64:U64,18)>0)+(COUNTIF(M64:U64,19)>0)+(COUNTIF(M64:U64,20)>0) | BP64: =IF(ISNUMBER(MATCH($B64,M64:U64,0)),1,0) | BQ64: =IF(BP64=1,0,BQ63+1) | BR64: =(COUNTIF(V64:AD64,1)>0)+(COUNTIF(V64:AD64,2)>0)+(COUNTIF(V64:AD64,3)>0)+(COUNTIF(V64:AD64,4)>0)+(COUNTIF(V64:AD64,5)>0)+(COUNTIF(V64:AD64,6)>0)+(COUNTIF(V64:AD64,7)>0)+(COUNTIF(V64:AD64,8)>0)+(COUNTIF(V64:AD64,9)>0)+(COUNTIF(V64:AD64,10)>0)+(COUNTIF(V64:AD64,11)>0)+(COUNTIF(V64:AD64,12)>0)+(COUNTIF(V64:AD64,13)>0)+(COUNTIF(V64:AD64,14)>0)+(COUNTIF(V64:AD64,15)>0)+(COUNTIF(V64:AD64,16)>0)+(COUNTIF(V64:AD64,17)>0)+(COUNTIF(V64:AD64,18)>0)+(COUNTIF(V64:AD64,19)>0)+(COUNTIF(V64:AD64,20)>0) | BS64: =IF(ISNUMBER(MATCH($B64,V64:AD64,0)),1,0) | BT64: =IF(BS64=1,0,BT63+1) | BU64: =(COUNTIF(AE64:AN64,1)>0)+(COUNTIF(AE64:AN64,2)>0)+(COUNTIF(AE64:AN64,3)>0)+(COUNTIF(AE64:AN64,4)>0)+(COUNTIF(AE64:AN64,5)>0)+(COUNTIF(AE64:AN64,6)>0)+(COUNTIF(AE64:AN64,7)>0)+(COUNTIF(AE64:AN64,8)>0)+(COUNTIF(AE64:AN64,9)>0)+(COUNTIF(AE64:AN64,10)>0)+(COUNTIF(AE64:AN64,11)>0)+(COUNTIF(AE64:AN64,12)>0)+(COUNTIF(AE64:AN64,13)>0)+(COUNTIF(AE64:AN64,14)>0)+(COUNTIF(AE64:AN64,15)>0)+(COUNTIF(AE64:AN64,16)>0)+(COUNTIF(AE64:AN64,17)>0)+(COUNTIF(AE64:AN64,18)>0)+(COUNTIF(AE64:AN64,19)>0)+(COUNTIF(AE64:AN64,20)>0) | BV64: =IF(ISNUMBER(MATCH($B64,AE64:AN64,0)),1,0) | BW64: =IF(BV64=1,0,BW63+1) | BX64: =(COUNTIF(AO64:AY64,1)>0)+(COUNTIF(AO64:AY64,2)>0)+(COUNTIF(AO64:AY64,3)>0)+(COUNTIF(AO64:AY64,4)>0)+(COUNTIF(AO64:AY64,5)>0)+(COUNTIF(AO64:AY64,6)>0)+(COUNTIF(AO64:AY64,7)>0)+(COUNTIF(AO64:AY64,8)>0)+(COUNTIF(AO64:AY64,9)>0)+(COUNTIF(AO64:AY64,10)>0)+(COUNTIF(AO64:AY64,11)>0)+(COUNTIF(AO64:AY64,12)>0)+(COUNTIF(AO64:AY64,13)>0)+(COUNTIF(AO64:AY64,14)>0)+(COUNTIF(AO64:AY64,15)>0)+(COUNTIF(AO64:AY64,16)>0)+(COUNTIF(AO64:AY64,17)>0)+(COUNTIF(AO64:AY64,18)>0)+(COUNTIF(AO64:AY64,19)>0)+(COUNTIF(AO64:AY64,20)>0) | BY64: =IF(ISNUMBER(MATCH($B64,AO64:AY64,0)),1,0) | BZ64: =IF(BY64=1,0,BZ63+1) | CA64: =(COUNTIF(AZ64:BK64,1)>0)+(COUNTIF(AZ64:BK64,2)>0)+(COUNTIF(AZ64:BK64,3)>0)+(COUNTIF(AZ64:BK64,4)>0)+(COUNTIF(AZ64:BK64,5)>0)+(COUNTIF(AZ64:BK64,6)>0)+(COUNTIF(AZ64:BK64,7)>0)+(COUNTIF(AZ64:BK64,8)>0)+(COUNTIF(AZ64:BK64,9)>0)+(COUNTIF(AZ64:BK64,10)>0)+(COUNTIF(AZ64:BK64,11)>0)+(COUNTIF(AZ64:BK64,12)>0)+(COUNTIF(AZ64:BK64,13)>0)+(COUNTIF(AZ64:BK64,14)>0)+(COUNTIF(AZ64:BK64,15)>0)+(COUNTIF(AZ64:BK64,16)>0)+(COUNTIF(AZ64:BK64,17)>0)+(COUNTIF(AZ64:BK64,18)>0)+(COUNTIF(AZ64:BK64,19)>0)+(COUNTIF(AZ64:BK64,20)>0) | CB64: =IF(ISNUMBER(MATCH($B64,AZ64:BK64,0)),1,0) | CC64: =IF(CB64=1,0,CC63+1)
A65: 2026-09-28 17:00 | B65: 7 | C65: 9 | D65: 7 | E65: 2 | F65: 2 | G65: 7 | H65: 8 | I65: 15 | J65: 19 | K65: 7 | L65: 9 | M65: 11 | N65: 15 | O65: 20 | P65: 13 | Q65: 8 | R65: 7 | S65: 17 | T65: 1 | U65: 2 | V65: 9 | W65: 7 | X65: 2 | Y65: 8 | Z65: 15 | AA65: 19 | AB65: 11 | AC65: 20 | AD65: 13 | AE65: 9 | AF65: 7 | AG65: 2 | AH65: 8 | AI65: 15 | AJ65: 19 | AK65: 11 | AL65: 20 | AM65: 13 | AN65: 17 | AO65: 9 | AP65: 7 | AQ65: 2 | AR65: 8 | AS65: 15 | AT65: 19 | AU65: 11 | AV65: 20 | AW65: 13 | AX65: 17 | AY65: 1 | AZ65: 9 | BA65: 7 | BB65: 2 | BC65: 8 | BD65: 15 | BE65: 19 | BF65: 11 | BG65: 20 | BH65: 13 | BI65: 17 | BJ65: 1 | BL65: =(COUNTIF(C65:L65,1)>0)+(COUNTIF(C65:L65,2)>0)+(COUNTIF(C65:L65,3)>0)+(COUNTIF(C65:L65,4)>0)+(COUNTIF(C65:L65,5)>0)+(COUNTIF(C65:L65,6)>0)+(COUNTIF(C65:L65,7)>0)+(COUNTIF(C65:L65,8)>0)+(COUNTIF(C65:L65,9)>0)+(COUNTIF(C65:L65,10)>0)+(COUNTIF(C65:L65,11)>0)+(COUNTIF(C65:L65,12)>0)+(COUNTIF(C65:L65,13)>0)+(COUNTIF(C65:L65,14)>0)+(COUNTIF(C65:L65,15)>0)+(COUNTIF(C65:L65,16)>0)+(COUNTIF(C65:L65,17)>0)+(COUNTIF(C65:L65,18)>0)+(COUNTIF(C65:L65,19)>0)+(COUNTIF(C65:L65,20)>0) | BM65: =IF(ISNUMBER(MATCH($B65,C65:L65,0)),1,0) | BN65: =IF(BM65=1,0,BN64+1) | BO65: =(COUNTIF(M65:U65,1)>0)+(COUNTIF(M65:U65,2)>0)+(COUNTIF(M65:U65,3)>0)+(COUNTIF(M65:U65,4)>0)+(COUNTIF(M65:U65,5)>0)+(COUNTIF(M65:U65,6)>0)+(COUNTIF(M65:U65,7)>0)+(COUNTIF(M65:U65,8)>0)+(COUNTIF(M65:U65,9)>0)+(COUNTIF(M65:U65,10)>0)+(COUNTIF(M65:U65,11)>0)+(COUNTIF(M65:U65,12)>0)+(COUNTIF(M65:U65,13)>0)+(COUNTIF(M65:U65,14)>0)+(COUNTIF(M65:U65,15)>0)+(COUNTIF(M65:U65,16)>0)+(COUNTIF(M65:U65,17)>0)+(COUNTIF(M65:U65,18)>0)+(COUNTIF(M65:U65,19)>0)+(COUNTIF(M65:U65,20)>0) | BP65: =IF(ISNUMBER(MATCH($B65,M65:U65,0)),1,0) | BQ65: =IF(BP65=1,0,BQ64+1) | BR65: =(COUNTIF(V65:AD65,1)>0)+(COUNTIF(V65:AD65,2)>0)+(COUNTIF(V65:AD65,3)>0)+(COUNTIF(V65:AD65,4)>0)+(COUNTIF(V65:AD65,5)>0)+(COUNTIF(V65:AD65,6)>0)+(COUNTIF(V65:AD65,7)>0)+(COUNTIF(V65:AD65,8)>0)+(COUNTIF(V65:AD65,9)>0)+(COUNTIF(V65:AD65,10)>0)+(COUNTIF(V65:AD65,11)>0)+(COUNTIF(V65:AD65,12)>0)+(COUNTIF(V65:AD65,13)>0)+(COUNTIF(V65:AD65,14)>0)+(COUNTIF(V65:AD65,15)>0)+(COUNTIF(V65:AD65,16)>0)+(COUNTIF(V65:AD65,17)>0)+(COUNTIF(V65:AD65,18)>0)+(COUNTIF(V65:AD65,19)>0)+(COUNTIF(V65:AD65,20)>0) | BS65: =IF(ISNUMBER(MATCH($B65,V65:AD65,0)),1,0) | BT65: =IF(BS65=1,0,BT64+1) | BU65: =(COUNTIF(AE65:AN65,1)>0)+(COUNTIF(AE65:AN65,2)>0)+(COUNTIF(AE65:AN65,3)>0)+(COUNTIF(AE65:AN65,4)>0)+(COUNTIF(AE65:AN65,5)>0)+(COUNTIF(AE65:AN65,6)>0)+(COUNTIF(AE65:AN65,7)>0)+(COUNTIF(AE65:AN65,8)>0)+(COUNTIF(AE65:AN65,9)>0)+(COUNTIF(AE65:AN65,10)>0)+(COUNTIF(AE65:AN65,11)>0)+(COUNTIF(AE65:AN65,12)>0)+(COUNTIF(AE65:AN65,13)>0)+(COUNTIF(AE65:AN65,14)>0)+(COUNTIF(AE65:AN65,15)>0)+(COUNTIF(AE65:AN65,16)>0)+(COUNTIF(AE65:AN65,17)>0)+(COUNTIF(AE65:AN65,18)>0)+(COUNTIF(AE65:AN65,19)>0)+(COUNTIF(AE65:AN65,20)>0) | BV65: =IF(ISNUMBER(MATCH($B65,AE65:AN65,0)),1,0) | BW65: =IF(BV65=1,0,BW64+1) | BX65: =(COUNTIF(AO65:AY65,1)>0)+(COUNTIF(AO65:AY65,2)>0)+(COUNTIF(AO65:AY65,3)>0)+(COUNTIF(AO65:AY65,4)>0)+(COUNTIF(AO65:AY65,5)>0)+(COUNTIF(AO65:AY65,6)>0)+(COUNTIF(AO65:AY65,7)>0)+(COUNTIF(AO65:AY65,8)>0)+(COUNTIF(AO65:AY65,9)>0)+(COUNTIF(AO65:AY65,10)>0)+(COUNTIF(AO65:AY65,11)>0)+(COUNTIF(AO65:AY65,12)>0)+(COUNTIF(AO65:AY65,13)>0)+(COUNTIF(AO65:AY65,14)>0)+(COUNTIF(AO65:AY65,15)>0)+(COUNTIF(AO65:AY65,16)>0)+(COUNTIF(AO65:AY65,17)>0)+(COUNTIF(AO65:AY65,18)>0)+(COUNTIF(AO65:AY65,19)>0)+(COUNTIF(AO65:AY65,20)>0) | BY65: =IF(ISNUMBER(MATCH($B65,AO65:AY65,0)),1,0) | BZ65: =IF(BY65=1,0,BZ64+1) | CA65: =(COUNTIF(AZ65:BK65,1)>0)+(COUNTIF(AZ65:BK65,2)>0)+(COUNTIF(AZ65:BK65,3)>0)+(COUNTIF(AZ65:BK65,4)>0)+(COUNTIF(AZ65:BK65,5)>0)+(COUNTIF(AZ65:BK65,6)>0)+(COUNTIF(AZ65:BK65,7)>0)+(COUNTIF(AZ65:BK65,8)>0)+(COUNTIF(AZ65:BK65,9)>0)+(COUNTIF(AZ65:BK65,10)>0)+(COUNTIF(AZ65:BK65,11)>0)+(COUNTIF(AZ65:BK65,12)>0)+(COUNTIF(AZ65:BK65,13)>0)+(COUNTIF(AZ65:BK65,14)>0)+(COUNTIF(AZ65:BK65,15)>0)+(COUNTIF(AZ65:BK65,16)>0)+(COUNTIF(AZ65:BK65,17)>0)+(COUNTIF(AZ65:BK65,18)>0)+(COUNTIF(AZ65:BK65,19)>0)+(COUNTIF(AZ65:BK65,20)>0) | CB65: =IF(ISNUMBER(MATCH($B65,AZ65:BK65,0)),1,0) | CC65: =IF(CB65=1,0,CC64+1)
A66: 2026-09-28 18:00 | B66: 14 | C66: 20 | D66: 5 | E66: 10 | F66: 9 | G66: 18 | H66: 18 | I66: 13 | J66: 2 | K66: 12 | L66: 10 | M66: 20 | N66: 13 | O66: 3 | P66: 4 | Q66: 16 | R66: 17 | S66: 11 | T66: 6 | U66: 2 | V66: 20 | W66: 5 | X66: 10 | Y66: 9 | Z66: 18 | AA66: 13 | AB66: 2 | AC66: 12 | AD66: 3 | AE66: 20 | AF66: 5 | AG66: 10 | AH66: 9 | AI66: 18 | AJ66: 13 | AK66: 2 | AL66: 12 | AM66: 3 | AN66: 4 | AO66: 20 | AP66: 5 | AQ66: 10 | AR66: 9 | AS66: 18 | AT66: 13 | AU66: 2 | AV66: 12 | AW66: 3 | AX66: 4 | AY66: 16 | AZ66: 20 | BA66: 5 | BB66: 10 | BC66: 9 | BD66: 18 | BE66: 13 | BF66: 2 | BG66: 12 | BH66: 3 | BI66: 4 | BJ66: 16 | BK66: 17 | BL66: =(COUNTIF(C66:L66,1)>0)+(COUNTIF(C66:L66,2)>0)+(COUNTIF(C66:L66,3)>0)+(COUNTIF(C66:L66,4)>0)+(COUNTIF(C66:L66,5)>0)+(COUNTIF(C66:L66,6)>0)+(COUNTIF(C66:L66,7)>0)+(COUNTIF(C66:L66,8)>0)+(COUNTIF(C66:L66,9)>0)+(COUNTIF(C66:L66,10)>0)+(COUNTIF(C66:L66,11)>0)+(COUNTIF(C66:L66,12)>0)+(COUNTIF(C66:L66,13)>0)+(COUNTIF(C66:L66,14)>0)+(COUNTIF(C66:L66,15)>0)+(COUNTIF(C66:L66,16)>0)+(COUNTIF(C66:L66,17)>0)+(COUNTIF(C66:L66,18)>0)+(COUNTIF(C66:L66,19)>0)+(COUNTIF(C66:L66,20)>0) | BM66: =IF(ISNUMBER(MATCH($B66,C66:L66,0)),1,0) | BN66: =IF(BM66=1,0,BN65+1) | BO66: =(COUNTIF(M66:U66,1)>0)+(COUNTIF(M66:U66,2)>0)+(COUNTIF(M66:U66,3)>0)+(COUNTIF(M66:U66,4)>0)+(COUNTIF(M66:U66,5)>0)+(COUNTIF(M66:U66,6)>0)+(COUNTIF(M66:U66,7)>0)+(COUNTIF(M66:U66,8)>0)+(COUNTIF(M66:U66,9)>0)+(COUNTIF(M66:U66,10)>0)+(COUNTIF(M66:U66,11)>0)+(COUNTIF(M66:U66,12)>0)+(COUNTIF(M66:U66,13)>0)+(COUNTIF(M66:U66,14)>0)+(COUNTIF(M66:U66,15)>0)+(COUNTIF(M66:U66,16)>0)+(COUNTIF(M66:U66,17)>0)+(COUNTIF(M66:U66,18)>0)+(COUNTIF(M66:U66,19)>0)+(COUNTIF(M66:U66,20)>0) | BP66: =IF(ISNUMBER(MATCH($B66,M66:U66,0)),1,0) | BQ66: =IF(BP66=1,0,BQ65+1) | BR66: =(COUNTIF(V66:AD66,1)>0)+(COUNTIF(V66:AD66,2)>0)+(COUNTIF(V66:AD66,3)>0)+(COUNTIF(V66:AD66,4)>0)+(COUNTIF(V66:AD66,5)>0)+(COUNTIF(V66:AD66,6)>0)+(COUNTIF(V66:AD66,7)>0)+(COUNTIF(V66:AD66,8)>0)+(COUNTIF(V66:AD66,9)>0)+(COUNTIF(V66:AD66,10)>0)+(COUNTIF(V66:AD66,11)>0)+(COUNTIF(V66:AD66,12)>0)+(COUNTIF(V66:AD66,13)>0)+(COUNTIF(V66:AD66,14)>0)+(COUNTIF(V66:AD66,15)>0)+(COUNTIF(V66:AD66,16)>0)+(COUNTIF(V66:AD66,17)>0)+(COUNTIF(V66:AD66,18)>0)+(COUNTIF(V66:AD66,19)>0)+(COUNTIF(V66:AD66,20)>0) | BS66: =IF(ISNUMBER(MATCH($B66,V66:AD66,0)),1,0) | BT66: =IF(BS66=1,0,BT65+1) | BU66: =(COUNTIF(AE66:AN66,1)>0)+(COUNTIF(AE66:AN66,2)>0)+(COUNTIF(AE66:AN66,3)>0)+(COUNTIF(AE66:AN66,4)>0)+(COUNTIF(AE66:AN66,5)>0)+(COUNTIF(AE66:AN66,6)>0)+(COUNTIF(AE66:AN66,7)>0)+(COUNTIF(AE66:AN66,8)>0)+(COUNTIF(AE66:AN66,9)>0)+(COUNTIF(AE66:AN66,10)>0)+(COUNTIF(AE66:AN66,11)>0)+(COUNTIF(AE66:AN66,12)>0)+(COUNTIF(AE66:AN66,13)>0)+(COUNTIF(AE66:AN66,14)>0)+(COUNTIF(AE66:AN66,15)>0)+(COUNTIF(AE66:AN66,16)>0)+(COUNTIF(AE66:AN66,17)>0)+(COUNTIF(AE66:AN66,18)>0)+(COUNTIF(AE66:AN66,19)>0)+(COUNTIF(AE66:AN66,20)>0) | BV66: =IF(ISNUMBER(MATCH($B66,AE66:AN66,0)),1,0) | BW66: =IF(BV66=1,0,BW65+1) | BX66: =(COUNTIF(AO66:AY66,1)>0)+(COUNTIF(AO66:AY66,2)>0)+(COUNTIF(AO66:AY66,3)>0)+(COUNTIF(AO66:AY66,4)>0)+(COUNTIF(AO66:AY66,5)>0)+(COUNTIF(AO66:AY66,6)>0)+(COUNTIF(AO66:AY66,7)>0)+(COUNTIF(AO66:AY66,8)>0)+(COUNTIF(AO66:AY66,9)>0)+(COUNTIF(AO66:AY66,10)>0)+(COUNTIF(AO66:AY66,11)>0)+(COUNTIF(AO66:AY66,12)>0)+(COUNTIF(AO66:AY66,13)>0)+(COUNTIF(AO66:AY66,14)>0)+(COUNTIF(AO66:AY66,15)>0)+(COUNTIF(AO66:AY66,16)>0)+(COUNTIF(AO66:AY66,17)>0)+(COUNTIF(AO66:AY66,18)>0)+(COUNTIF(AO66:AY66,19)>0)+(COUNTIF(AO66:AY66,20)>0) | BY66: =IF(ISNUMBER(MATCH($B66,AO66:AY66,0)),1,0) | BZ66: =IF(BY66=1,0,BZ65+1) | CA66: =(COUNTIF(AZ66:BK66,1)>0)+(COUNTIF(AZ66:BK66,2)>0)+(COUNTIF(AZ66:BK66,3)>0)+(COUNTIF(AZ66:BK66,4)>0)+(COUNTIF(AZ66:BK66,5)>0)+(COUNTIF(AZ66:BK66,6)>0)+(COUNTIF(AZ66:BK66,7)>0)+(COUNTIF(AZ66:BK66,8)>0)+(COUNTIF(AZ66:BK66,9)>0)+(COUNTIF(AZ66:BK66,10)>0)+(COUNTIF(AZ66:BK66,11)>0)+(COUNTIF(AZ66:BK66,12)>0)+(COUNTIF(AZ66:BK66,13)>0)+(COUNTIF(AZ66:BK66,14)>0)+(COUNTIF(AZ66:BK66,15)>0)+(COUNTIF(AZ66:BK66,16)>0)+(COUNTIF(AZ66:BK66,17)>0)+(COUNTIF(AZ66:BK66,18)>0)+(COUNTIF(AZ66:BK66,19)>0)+(COUNTIF(AZ66:BK66,20)>0) | CB66: =IF(ISNUMBER(MATCH($B66,AZ66:BK66,0)),1,0) | CC66: =IF(CB66=1,0,CC65+1)
A67: 2026-09-28 19:00 | B67: 6 | C67: 15 | D67: 20 | E67: 2 | F67: 4 | G67: 6 | H67: 7 | I67: 5 | J67: 10 | K67: 7 | L67: 10 | M67: 11 | N67: 18 | O67: 13 | P67: 7 | Q67: 6 | R67: 8 | S67: 2 | T67: 15 | U67: 5 | V67: 15 | W67: 20 | X67: 2 | Y67: 4 | Z67: 6 | AA67: 7 | AB67: 5 | AC67: 10 | AD67: 11 | AE67: 15 | AF67: 20 | AG67: 2 | AH67: 4 | AI67: 6 | AJ67: 7 | AK67: 5 | AL67: 10 | AM67: 11 | AN67: 18 | AO67: 15 | AP67: 20 | AQ67: 2 | AR67: 4 | AS67: 6 | AT67: 7 | AU67: 5 | AV67: 10 | AW67: 11 | AX67: 18 | AY67: 13 | AZ67: 15 | BA67: 20 | BB67: 2 | BC67: 4 | BD67: 6 | BE67: 7 | BF67: 5 | BG67: 10 | BH67: 11 | BI67: 18 | BJ67: 13 | BK67: 8 | BL67: =(COUNTIF(C67:L67,1)>0)+(COUNTIF(C67:L67,2)>0)+(COUNTIF(C67:L67,3)>0)+(COUNTIF(C67:L67,4)>0)+(COUNTIF(C67:L67,5)>0)+(COUNTIF(C67:L67,6)>0)+(COUNTIF(C67:L67,7)>0)+(COUNTIF(C67:L67,8)>0)+(COUNTIF(C67:L67,9)>0)+(COUNTIF(C67:L67,10)>0)+(COUNTIF(C67:L67,11)>0)+(COUNTIF(C67:L67,12)>0)+(COUNTIF(C67:L67,13)>0)+(COUNTIF(C67:L67,14)>0)+(COUNTIF(C67:L67,15)>0)+(COUNTIF(C67:L67,16)>0)+(COUNTIF(C67:L67,17)>0)+(COUNTIF(C67:L67,18)>0)+(COUNTIF(C67:L67,19)>0)+(COUNTIF(C67:L67,20)>0) | BM67: =IF(ISNUMBER(MATCH($B67,C67:L67,0)),1,0) | BN67: =IF(BM67=1,0,BN66+1) | BO67: =(COUNTIF(M67:U67,1)>0)+(COUNTIF(M67:U67,2)>0)+(COUNTIF(M67:U67,3)>0)+(COUNTIF(M67:U67,4)>0)+(COUNTIF(M67:U67,5)>0)+(COUNTIF(M67:U67,6)>0)+(COUNTIF(M67:U67,7)>0)+(COUNTIF(M67:U67,8)>0)+(COUNTIF(M67:U67,9)>0)+(COUNTIF(M67:U67,10)>0)+(COUNTIF(M67:U67,11)>0)+(COUNTIF(M67:U67,12)>0)+(COUNTIF(M67:U67,13)>0)+(COUNTIF(M67:U67,14)>0)+(COUNTIF(M67:U67,15)>0)+(COUNTIF(M67:U67,16)>0)+(COUNTIF(M67:U67,17)>0)+(COUNTIF(M67:U67,18)>0)+(COUNTIF(M67:U67,19)>0)+(COUNTIF(M67:U67,20)>0) | BP67: =IF(ISNUMBER(MATCH($B67,M67:U67,0)),1,0) | BQ67: =IF(BP67=1,0,BQ66+1) | BR67: =(COUNTIF(V67:AD67,1)>0)+(COUNTIF(V67:AD67,2)>0)+(COUNTIF(V67:AD67,3)>0)+(COUNTIF(V67:AD67,4)>0)+(COUNTIF(V67:AD67,5)>0)+(COUNTIF(V67:AD67,6)>0)+(COUNTIF(V67:AD67,7)>0)+(COUNTIF(V67:AD67,8)>0)+(COUNTIF(V67:AD67,9)>0)+(COUNTIF(V67:AD67,10)>0)+(COUNTIF(V67:AD67,11)>0)+(COUNTIF(V67:AD67,12)>0)+(COUNTIF(V67:AD67,13)>0)+(COUNTIF(V67:AD67,14)>0)+(COUNTIF(V67:AD67,15)>0)+(COUNTIF(V67:AD67,16)>0)+(COUNTIF(V67:AD67,17)>0)+(COUNTIF(V67:AD67,18)>0)+(COUNTIF(V67:AD67,19)>0)+(COUNTIF(V67:AD67,20)>0) | BS67: =IF(ISNUMBER(MATCH($B67,V67:AD67,0)),1,0) | BT67: =IF(BS67=1,0,BT66+1) | BU67: =(COUNTIF(AE67:AN67,1)>0)+(COUNTIF(AE67:AN67,2)>0)+(COUNTIF(AE67:AN67,3)>0)+(COUNTIF(AE67:AN67,4)>0)+(COUNTIF(AE67:AN67,5)>0)+(COUNTIF(AE67:AN67,6)>0)+(COUNTIF(AE67:AN67,7)>0)+(COUNTIF(AE67:AN67,8)>0)+(COUNTIF(AE67:AN67,9)>0)+(COUNTIF(AE67:AN67,10)>0)+(COUNTIF(AE67:AN67,11)>0)+(COUNTIF(AE67:AN67,12)>0)+(COUNTIF(AE67:AN67,13)>0)+(COUNTIF(AE67:AN67,14)>0)+(COUNTIF(AE67:AN67,15)>0)+(COUNTIF(AE67:AN67,16)>0)+(COUNTIF(AE67:AN67,17)>0)+(COUNTIF(AE67:AN67,18)>0)+(COUNTIF(AE67:AN67,19)>0)+(COUNTIF(AE67:AN67,20)>0) | BV67: =IF(ISNUMBER(MATCH($B67,AE67:AN67,0)),1,0) | BW67: =IF(BV67=1,0,BW66+1) | BX67: =(COUNTIF(AO67:AY67,1)>0)+(COUNTIF(AO67:AY67,2)>0)+(COUNTIF(AO67:AY67,3)>0)+(COUNTIF(AO67:AY67,4)>0)+(COUNTIF(AO67:AY67,5)>0)+(COUNTIF(AO67:AY67,6)>0)+(COUNTIF(AO67:AY67,7)>0)+(COUNTIF(AO67:AY67,8)>0)+(COUNTIF(AO67:AY67,9)>0)+(COUNTIF(AO67:AY67,10)>0)+(COUNTIF(AO67:AY67,11)>0)+(COUNTIF(AO67:AY67,12)>0)+(COUNTIF(AO67:AY67,13)>0)+(COUNTIF(AO67:AY67,14)>0)+(COUNTIF(AO67:AY67,15)>0)+(COUNTIF(AO67:AY67,16)>0)+(COUNTIF(AO67:AY67,17)>0)+(COUNTIF(AO67:AY67,18)>0)+(COUNTIF(AO67:AY67,19)>0)+(COUNTIF(AO67:AY67,20)>0) | BY67: =IF(ISNUMBER(MATCH($B67,AO67:AY67,0)),1,0) | BZ67: =IF(BY67=1,0,BZ66+1) | CA67: =(COUNTIF(AZ67:BK67,1)>0)+(COUNTIF(AZ67:BK67,2)>0)+(COUNTIF(AZ67:BK67,3)>0)+(COUNTIF(AZ67:BK67,4)>0)+(COUNTIF(AZ67:BK67,5)>0)+(COUNTIF(AZ67:BK67,6)>0)+(COUNTIF(AZ67:BK67,7)>0)+(COUNTIF(AZ67:BK67,8)>0)+(COUNTIF(AZ67:BK67,9)>0)+(COUNTIF(AZ67:BK67,10)>0)+(COUNTIF(AZ67:BK67,11)>0)+(COUNTIF(AZ67:BK67,12)>0)+(COUNTIF(AZ67:BK67,13)>0)+(COUNTIF(AZ67:BK67,14)>0)+(COUNTIF(AZ67:BK67,15)>0)+(COUNTIF(AZ67:BK67,16)>0)+(COUNTIF(AZ67:BK67,17)>0)+(COUNTIF(AZ67:BK67,18)>0)+(COUNTIF(AZ67:BK67,19)>0)+(COUNTIF(AZ67:BK67,20)>0) | CB67: =IF(ISNUMBER(MATCH($B67,AZ67:BK67,0)),1,0) | CC67: =IF(CB67=1,0,CC66+1)
A68: 2026-09-28 20:00 | B68: 3 | C68: 10 | D68: 8 | E68: 14 | F68: 4 | G68: 19 | H68: 19 | I68: 12 | J68: 17 | K68: 8 | L68: 14 | M68: 3 | N68: 8 | O68: 17 | P68: 18 | Q68: 20 | R68: 19 | S68: 6 | T68: 13 | U68: 1 | V68: 10 | W68: 8 | X68: 14 | Y68: 4 | Z68: 19 | AA68: 12 | AB68: 17 | AC68: 3 | AD68: 18 | AE68: 10 | AF68: 8 | AG68: 14 | AH68: 4 | AI68: 19 | AJ68: 12 | AK68: 17 | AL68: 3 | AM68: 18 | AN68: 20 | AO68: 10 | AP68: 8 | AQ68: 14 | AR68: 4 | AS68: 19 | AT68: 12 | AU68: 17 | AV68: 3 | AW68: 18 | AX68: 20 | AY68: 6 | AZ68: 10 | BA68: 8 | BB68: 14 | BC68: 4 | BD68: 19 | BE68: 12 | BF68: 17 | BG68: 3 | BH68: 18 | BI68: 20 | BJ68: 6 | BK68: 13 | BL68: =(COUNTIF(C68:L68,1)>0)+(COUNTIF(C68:L68,2)>0)+(COUNTIF(C68:L68,3)>0)+(COUNTIF(C68:L68,4)>0)+(COUNTIF(C68:L68,5)>0)+(COUNTIF(C68:L68,6)>0)+(COUNTIF(C68:L68,7)>0)+(COUNTIF(C68:L68,8)>0)+(COUNTIF(C68:L68,9)>0)+(COUNTIF(C68:L68,10)>0)+(COUNTIF(C68:L68,11)>0)+(COUNTIF(C68:L68,12)>0)+(COUNTIF(C68:L68,13)>0)+(COUNTIF(C68:L68,14)>0)+(COUNTIF(C68:L68,15)>0)+(COUNTIF(C68:L68,16)>0)+(COUNTIF(C68:L68,17)>0)+(COUNTIF(C68:L68,18)>0)+(COUNTIF(C68:L68,19)>0)+(COUNTIF(C68:L68,20)>0) | BM68: =IF(ISNUMBER(MATCH($B68,C68:L68,0)),1,0) | BN68: =IF(BM68=1,0,BN67+1) | BO68: =(COUNTIF(M68:U68,1)>0)+(COUNTIF(M68:U68,2)>0)+(COUNTIF(M68:U68,3)>0)+(COUNTIF(M68:U68,4)>0)+(COUNTIF(M68:U68,5)>0)+(COUNTIF(M68:U68,6)>0)+(COUNTIF(M68:U68,7)>0)+(COUNTIF(M68:U68,8)>0)+(COUNTIF(M68:U68,9)>0)+(COUNTIF(M68:U68,10)>0)+(COUNTIF(M68:U68,11)>0)+(COUNTIF(M68:U68,12)>0)+(COUNTIF(M68:U68,13)>0)+(COUNTIF(M68:U68,14)>0)+(COUNTIF(M68:U68,15)>0)+(COUNTIF(M68:U68,16)>0)+(COUNTIF(M68:U68,17)>0)+(COUNTIF(M68:U68,18)>0)+(COUNTIF(M68:U68,19)>0)+(COUNTIF(M68:U68,20)>0) | BP68: =IF(ISNUMBER(MATCH($B68,M68:U68,0)),1,0) | BQ68: =IF(BP68=1,0,BQ67+1) | BR68: =(COUNTIF(V68:AD68,1)>0)+(COUNTIF(V68:AD68,2)>0)+(COUNTIF(V68:AD68,3)>0)+(COUNTIF(V68:AD68,4)>0)+(COUNTIF(V68:AD68,5)>0)+(COUNTIF(V68:AD68,6)>0)+(COUNTIF(V68:AD68,7)>0)+(COUNTIF(V68:AD68,8)>0)+(COUNTIF(V68:AD68,9)>0)+(COUNTIF(V68:AD68,10)>0)+(COUNTIF(V68:AD68,11)>0)+(COUNTIF(V68:AD68,12)>0)+(COUNTIF(V68:AD68,13)>0)+(COUNTIF(V68:AD68,14)>0)+(COUNTIF(V68:AD68,15)>0)+(COUNTIF(V68:AD68,16)>0)+(COUNTIF(V68:AD68,17)>0)+(COUNTIF(V68:AD68,18)>0)+(COUNTIF(V68:AD68,19)>0)+(COUNTIF(V68:AD68,20)>0) | BS68: =IF(ISNUMBER(MATCH($B68,V68:AD68,0)),1,0) | BT68: =IF(BS68=1,0,BT67+1) | BU68: =(COUNTIF(AE68:AN68,1)>0)+(COUNTIF(AE68:AN68,2)>0)+(COUNTIF(AE68:AN68,3)>0)+(COUNTIF(AE68:AN68,4)>0)+(COUNTIF(AE68:AN68,5)>0)+(COUNTIF(AE68:AN68,6)>0)+(COUNTIF(AE68:AN68,7)>0)+(COUNTIF(AE68:AN68,8)>0)+(COUNTIF(AE68:AN68,9)>0)+(COUNTIF(AE68:AN68,10)>0)+(COUNTIF(AE68:AN68,11)>0)+(COUNTIF(AE68:AN68,12)>0)+(COUNTIF(AE68:AN68,13)>0)+(COUNTIF(AE68:AN68,14)>0)+(COUNTIF(AE68:AN68,15)>0)+(COUNTIF(AE68:AN68,16)>0)+(COUNTIF(AE68:AN68,17)>0)+(COUNTIF(AE68:AN68,18)>0)+(COUNTIF(AE68:AN68,19)>0)+(COUNTIF(AE68:AN68,20)>0) | BV68: =IF(ISNUMBER(MATCH($B68,AE68:AN68,0)),1,0) | BW68: =IF(BV68=1,0,BW67+1) | BX68: =(COUNTIF(AO68:AY68,1)>0)+(COUNTIF(AO68:AY68,2)>0)+(COUNTIF(AO68:AY68,3)>0)+(COUNTIF(AO68:AY68,4)>0)+(COUNTIF(AO68:AY68,5)>0)+(COUNTIF(AO68:AY68,6)>0)+(COUNTIF(AO68:AY68,7)>0)+(COUNTIF(AO68:AY68,8)>0)+(COUNTIF(AO68:AY68,9)>0)+(COUNTIF(AO68:AY68,10)>0)+(COUNTIF(AO68:AY68,11)>0)+(COUNTIF(AO68:AY68,12)>0)+(COUNTIF(AO68:AY68,13)>0)+(COUNTIF(AO68:AY68,14)>0)+(COUNTIF(AO68:AY68,15)>0)+(COUNTIF(AO68:AY68,16)>0)+(COUNTIF(AO68:AY68,17)>0)+(COUNTIF(AO68:AY68,18)>0)+(COUNTIF(AO68:AY68,19)>0)+(COUNTIF(AO68:AY68,20)>0) | BY68: =IF(ISNUMBER(MATCH($B68,AO68:AY68,0)),1,0) | BZ68: =IF(BY68=1,0,BZ67+1) | CA68: =(COUNTIF(AZ68:BK68,1)>0)+(COUNTIF(AZ68:BK68,2)>0)+(COUNTIF(AZ68:BK68,3)>0)+(COUNTIF(AZ68:BK68,4)>0)+(COUNTIF(AZ68:BK68,5)>0)+(COUNTIF(AZ68:BK68,6)>0)+(COUNTIF(AZ68:BK68,7)>0)+(COUNTIF(AZ68:BK68,8)>0)+(COUNTIF(AZ68:BK68,9)>0)+(COUNTIF(AZ68:BK68,10)>0)+(COUNTIF(AZ68:BK68,11)>0)+(COUNTIF(AZ68:BK68,12)>0)+(COUNTIF(AZ68:BK68,13)>0)+(COUNTIF(AZ68:BK68,14)>0)+(COUNTIF(AZ68:BK68,15)>0)+(COUNTIF(AZ68:BK68,16)>0)+(COUNTIF(AZ68:BK68,17)>0)+(COUNTIF(AZ68:BK68,18)>0)+(COUNTIF(AZ68:BK68,19)>0)+(COUNTIF(AZ68:BK68,20)>0) | CB68: =IF(ISNUMBER(MATCH($B68,AZ68:BK68,0)),1,0) | CC68: =IF(CB68=1,0,CC67+1)
A69: 2026-09-28 21:00 | B69: 8 | C69: 1 | D69: 4 | E69: 6 | F69: 13 | G69: 17 | H69: 1 | I69: 3 | J69: 14 | K69: 14 | L69: 13 | M69: 19 | N69: 16 | O69: 2 | P69: 6 | Q69: 14 | R69: 17 | S69: 7 | T69: 5 | U69: 8 | V69: 1 | W69: 4 | X69: 6 | Y69: 13 | Z69: 17 | AA69: 3 | AB69: 14 | AC69: 19 | AD69: 16 | AE69: 1 | AF69: 4 | AG69: 6 | AH69: 13 | AI69: 17 | AJ69: 3 | AK69: 14 | AL69: 19 | AM69: 16 | AN69: 2 | AO69: 1 | AP69: 4 | AQ69: 6 | AR69: 13 | AS69: 17 | AT69: 3 | AU69: 14 | AV69: 19 | AW69: 16 | AX69: 2 | AY69: 7 | AZ69: 1 | BA69: 4 | BB69: 6 | BC69: 13 | BD69: 17 | BE69: 3 | BF69: 14 | BG69: 19 | BH69: 16 | BI69: 2 | BJ69: 7 | BK69: 5 | BL69: =(COUNTIF(C69:L69,1)>0)+(COUNTIF(C69:L69,2)>0)+(COUNTIF(C69:L69,3)>0)+(COUNTIF(C69:L69,4)>0)+(COUNTIF(C69:L69,5)>0)+(COUNTIF(C69:L69,6)>0)+(COUNTIF(C69:L69,7)>0)+(COUNTIF(C69:L69,8)>0)+(COUNTIF(C69:L69,9)>0)+(COUNTIF(C69:L69,10)>0)+(COUNTIF(C69:L69,11)>0)+(COUNTIF(C69:L69,12)>0)+(COUNTIF(C69:L69,13)>0)+(COUNTIF(C69:L69,14)>0)+(COUNTIF(C69:L69,15)>0)+(COUNTIF(C69:L69,16)>0)+(COUNTIF(C69:L69,17)>0)+(COUNTIF(C69:L69,18)>0)+(COUNTIF(C69:L69,19)>0)+(COUNTIF(C69:L69,20)>0) | BM69: =IF(ISNUMBER(MATCH($B69,C69:L69,0)),1,0) | BN69: =IF(BM69=1,0,BN68+1) | BO69: =(COUNTIF(M69:U69,1)>0)+(COUNTIF(M69:U69,2)>0)+(COUNTIF(M69:U69,3)>0)+(COUNTIF(M69:U69,4)>0)+(COUNTIF(M69:U69,5)>0)+(COUNTIF(M69:U69,6)>0)+(COUNTIF(M69:U69,7)>0)+(COUNTIF(M69:U69,8)>0)+(COUNTIF(M69:U69,9)>0)+(COUNTIF(M69:U69,10)>0)+(COUNTIF(M69:U69,11)>0)+(COUNTIF(M69:U69,12)>0)+(COUNTIF(M69:U69,13)>0)+(COUNTIF(M69:U69,14)>0)+(COUNTIF(M69:U69,15)>0)+(COUNTIF(M69:U69,16)>0)+(COUNTIF(M69:U69,17)>0)+(COUNTIF(M69:U69,18)>0)+(COUNTIF(M69:U69,19)>0)+(COUNTIF(M69:U69,20)>0) | BP69: =IF(ISNUMBER(MATCH($B69,M69:U69,0)),1,0) | BQ69: =IF(BP69=1,0,BQ68+1) | BR69: =(COUNTIF(V69:AD69,1)>0)+(COUNTIF(V69:AD69,2)>0)+(COUNTIF(V69:AD69,3)>0)+(COUNTIF(V69:AD69,4)>0)+(COUNTIF(V69:AD69,5)>0)+(COUNTIF(V69:AD69,6)>0)+(COUNTIF(V69:AD69,7)>0)+(COUNTIF(V69:AD69,8)>0)+(COUNTIF(V69:AD69,9)>0)+(COUNTIF(V69:AD69,10)>0)+(COUNTIF(V69:AD69,11)>0)+(COUNTIF(V69:AD69,12)>0)+(COUNTIF(V69:AD69,13)>0)+(COUNTIF(V69:AD69,14)>0)+(COUNTIF(V69:AD69,15)>0)+(COUNTIF(V69:AD69,16)>0)+(COUNTIF(V69:AD69,17)>0)+(COUNTIF(V69:AD69,18)>0)+(COUNTIF(V69:AD69,19)>0)+(COUNTIF(V69:AD69,20)>0) | BS69: =IF(ISNUMBER(MATCH($B69,V69:AD69,0)),1,0) | BT69: =IF(BS69=1,0,BT68+1) | BU69: =(COUNTIF(AE69:AN69,1)>0)+(COUNTIF(AE69:AN69,2)>0)+(COUNTIF(AE69:AN69,3)>0)+(COUNTIF(AE69:AN69,4)>0)+(COUNTIF(AE69:AN69,5)>0)+(COUNTIF(AE69:AN69,6)>0)+(COUNTIF(AE69:AN69,7)>0)+(COUNTIF(AE69:AN69,8)>0)+(COUNTIF(AE69:AN69,9)>0)+(COUNTIF(AE69:AN69,10)>0)+(COUNTIF(AE69:AN69,11)>0)+(COUNTIF(AE69:AN69,12)>0)+(COUNTIF(AE69:AN69,13)>0)+(COUNTIF(AE69:AN69,14)>0)+(COUNTIF(AE69:AN69,15)>0)+(COUNTIF(AE69:AN69,16)>0)+(COUNTIF(AE69:AN69,17)>0)+(COUNTIF(AE69:AN69,18)>0)+(COUNTIF(AE69:AN69,19)>0)+(COUNTIF(AE69:AN69,20)>0) | BV69: =IF(ISNUMBER(MATCH($B69,AE69:AN69,0)),1,0) | BW69: =IF(BV69=1,0,BW68+1) | BX69: =(COUNTIF(AO69:AY69,1)>0)+(COUNTIF(AO69:AY69,2)>0)+(COUNTIF(AO69:AY69,3)>0)+(COUNTIF(AO69:AY69,4)>0)+(COUNTIF(AO69:AY69,5)>0)+(COUNTIF(AO69:AY69,6)>0)+(COUNTIF(AO69:AY69,7)>0)+(COUNTIF(AO69:AY69,8)>0)+(COUNTIF(AO69:AY69,9)>0)+(COUNTIF(AO69:AY69,10)>0)+(COUNTIF(AO69:AY69,11)>0)+(COUNTIF(AO69:AY69,12)>0)+(COUNTIF(AO69:AY69,13)>0)+(COUNTIF(AO69:AY69,14)>0)+(COUNTIF(AO69:AY69,15)>0)+(COUNTIF(AO69:AY69,16)>0)+(COUNTIF(AO69:AY69,17)>0)+(COUNTIF(AO69:AY69,18)>0)+(COUNTIF(AO69:AY69,19)>0)+(COUNTIF(AO69:AY69,20)>0) | BY69: =IF(ISNUMBER(MATCH($B69,AO69:AY69,0)),1,0) | BZ69: =IF(BY69=1,0,BZ68+1) | CA69: =(COUNTIF(AZ69:BK69,1)>0)+(COUNTIF(AZ69:BK69,2)>0)+(COUNTIF(AZ69:BK69,3)>0)+(COUNTIF(AZ69:BK69,4)>0)+(COUNTIF(AZ69:BK69,5)>0)+(COUNTIF(AZ69:BK69,6)>0)+(COUNTIF(AZ69:BK69,7)>0)+(COUNTIF(AZ69:BK69,8)>0)+(COUNTIF(AZ69:BK69,9)>0)+(COUNTIF(AZ69:BK69,10)>0)+(COUNTIF(AZ69:BK69,11)>0)+(COUNTIF(AZ69:BK69,12)>0)+(COUNTIF(AZ69:BK69,13)>0)+(COUNTIF(AZ69:BK69,14)>0)+(COUNTIF(AZ69:BK69,15)>0)+(COUNTIF(AZ69:BK69,16)>0)+(COUNTIF(AZ69:BK69,17)>0)+(COUNTIF(AZ69:BK69,18)>0)+(COUNTIF(AZ69:BK69,19)>0)+(COUNTIF(AZ69:BK69,20)>0) | CB69: =IF(ISNUMBER(MATCH($B69,AZ69:BK69,0)),1,0) | CC69: =IF(CB69=1,0,CC68+1)
A70: 2026-09-28 22:00 | B70: 3 | C70: 11 | D70: 2 | E70: 8 | F70: 9 | G70: 17 | H70: 8 | I70: 14 | J70: 3 | K70: 11 | L70: 2 | M70: 18 | N70: 3 | O70: 15 | P70: 14 | Q70: 6 | R70: 16 | S70: 10 | T70: 8 | U70: 13 | V70: 11 | W70: 2 | X70: 8 | Y70: 9 | Z70: 17 | AA70: 14 | AB70: 3 | AC70: 18 | AD70: 15 | AE70: 11 | AF70: 2 | AG70: 8 | AH70: 9 | AI70: 17 | AJ70: 14 | AK70: 3 | AL70: 18 | AM70: 15 | AN70: 6 | AO70: 11 | AP70: 2 | AQ70: 8 | AR70: 9 | AS70: 17 | AT70: 14 | AU70: 3 | AV70: 18 | AW70: 15 | AX70: 6 | AY70: 16 | AZ70: 11 | BA70: 2 | BB70: 8 | BC70: 9 | BD70: 17 | BE70: 14 | BF70: 3 | BG70: 18 | BH70: 15 | BI70: 6 | BJ70: 16 | BK70: 10 | BL70: =(COUNTIF(C70:L70,1)>0)+(COUNTIF(C70:L70,2)>0)+(COUNTIF(C70:L70,3)>0)+(COUNTIF(C70:L70,4)>0)+(COUNTIF(C70:L70,5)>0)+(COUNTIF(C70:L70,6)>0)+(COUNTIF(C70:L70,7)>0)+(COUNTIF(C70:L70,8)>0)+(COUNTIF(C70:L70,9)>0)+(COUNTIF(C70:L70,10)>0)+(COUNTIF(C70:L70,11)>0)+(COUNTIF(C70:L70,12)>0)+(COUNTIF(C70:L70,13)>0)+(COUNTIF(C70:L70,14)>0)+(COUNTIF(C70:L70,15)>0)+(COUNTIF(C70:L70,16)>0)+(COUNTIF(C70:L70,17)>0)+(COUNTIF(C70:L70,18)>0)+(COUNTIF(C70:L70,19)>0)+(COUNTIF(C70:L70,20)>0) | BM70: =IF(ISNUMBER(MATCH($B70,C70:L70,0)),1,0) | BN70: =IF(BM70=1,0,BN69+1) | BO70: =(COUNTIF(M70:U70,1)>0)+(COUNTIF(M70:U70,2)>0)+(COUNTIF(M70:U70,3)>0)+(COUNTIF(M70:U70,4)>0)+(COUNTIF(M70:U70,5)>0)+(COUNTIF(M70:U70,6)>0)+(COUNTIF(M70:U70,7)>0)+(COUNTIF(M70:U70,8)>0)+(COUNTIF(M70:U70,9)>0)+(COUNTIF(M70:U70,10)>0)+(COUNTIF(M70:U70,11)>0)+(COUNTIF(M70:U70,12)>0)+(COUNTIF(M70:U70,13)>0)+(COUNTIF(M70:U70,14)>0)+(COUNTIF(M70:U70,15)>0)+(COUNTIF(M70:U70,16)>0)+(COUNTIF(M70:U70,17)>0)+(COUNTIF(M70:U70,18)>0)+(COUNTIF(M70:U70,19)>0)+(COUNTIF(M70:U70,20)>0) | BP70: =IF(ISNUMBER(MATCH($B70,M70:U70,0)),1,0) | BQ70: =IF(BP70=1,0,BQ69+1) | BR70: =(COUNTIF(V70:AD70,1)>0)+(COUNTIF(V70:AD70,2)>0)+(COUNTIF(V70:AD70,3)>0)+(COUNTIF(V70:AD70,4)>0)+(COUNTIF(V70:AD70,5)>0)+(COUNTIF(V70:AD70,6)>0)+(COUNTIF(V70:AD70,7)>0)+(COUNTIF(V70:AD70,8)>0)+(COUNTIF(V70:AD70,9)>0)+(COUNTIF(V70:AD70,10)>0)+(COUNTIF(V70:AD70,11)>0)+(COUNTIF(V70:AD70,12)>0)+(COUNTIF(V70:AD70,13)>0)+(COUNTIF(V70:AD70,14)>0)+(COUNTIF(V70:AD70,15)>0)+(COUNTIF(V70:AD70,16)>0)+(COUNTIF(V70:AD70,17)>0)+(COUNTIF(V70:AD70,18)>0)+(COUNTIF(V70:AD70,19)>0)+(COUNTIF(V70:AD70,20)>0) | BS70: =IF(ISNUMBER(MATCH($B70,V70:AD70,0)),1,0) | BT70: =IF(BS70=1,0,BT69+1) | BU70: =(COUNTIF(AE70:AN70,1)>0)+(COUNTIF(AE70:AN70,2)>0)+(COUNTIF(AE70:AN70,3)>0)+(COUNTIF(AE70:AN70,4)>0)+(COUNTIF(AE70:AN70,5)>0)+(COUNTIF(AE70:AN70,6)>0)+(COUNTIF(AE70:AN70,7)>0)+(COUNTIF(AE70:AN70,8)>0)+(COUNTIF(AE70:AN70,9)>0)+(COUNTIF(AE70:AN70,10)>0)+(COUNTIF(AE70:AN70,11)>0)+(COUNTIF(AE70:AN70,12)>0)+(COUNTIF(AE70:AN70,13)>0)+(COUNTIF(AE70:AN70,14)>0)+(COUNTIF(AE70:AN70,15)>0)+(COUNTIF(AE70:AN70,16)>0)+(COUNTIF(AE70:AN70,17)>0)+(COUNTIF(AE70:AN70,18)>0)+(COUNTIF(AE70:AN70,19)>0)+(COUNTIF(AE70:AN70,20)>0) | BV70: =IF(ISNUMBER(MATCH($B70,AE70:AN70,0)),1,0) | BW70: =IF(BV70=1,0,BW69+1) | BX70: =(COUNTIF(AO70:AY70,1)>0)+(COUNTIF(AO70:AY70,2)>0)+(COUNTIF(AO70:AY70,3)>0)+(COUNTIF(AO70:AY70,4)>0)+(COUNTIF(AO70:AY70,5)>0)+(COUNTIF(AO70:AY70,6)>0)+(COUNTIF(AO70:AY70,7)>0)+(COUNTIF(AO70:AY70,8)>0)+(COUNTIF(AO70:AY70,9)>0)+(COUNTIF(AO70:AY70,10)>0)+(COUNTIF(AO70:AY70,11)>0)+(COUNTIF(AO70:AY70,12)>0)+(COUNTIF(AO70:AY70,13)>0)+(COUNTIF(AO70:AY70,14)>0)+(COUNTIF(AO70:AY70,15)>0)+(COUNTIF(AO70:AY70,16)>0)+(COUNTIF(AO70:AY70,17)>0)+(COUNTIF(AO70:AY70,18)>0)+(COUNTIF(AO70:AY70,19)>0)+(COUNTIF(AO70:AY70,20)>0) | BY70: =IF(ISNUMBER(MATCH($B70,AO70:AY70,0)),1,0) | BZ70: =IF(BY70=1,0,BZ69+1) | CA70: =(COUNTIF(AZ70:BK70,1)>0)+(COUNTIF(AZ70:BK70,2)>0)+(COUNTIF(AZ70:BK70,3)>0)+(COUNTIF(AZ70:BK70,4)>0)+(COUNTIF(AZ70:BK70,5)>0)+(COUNTIF(AZ70:BK70,6)>0)+(COUNTIF(AZ70:BK70,7)>0)+(COUNTIF(AZ70:BK70,8)>0)+(COUNTIF(AZ70:BK70,9)>0)+(COUNTIF(AZ70:BK70,10)>0)+(COUNTIF(AZ70:BK70,11)>0)+(COUNTIF(AZ70:BK70,12)>0)+(COUNTIF(AZ70:BK70,13)>0)+(COUNTIF(AZ70:BK70,14)>0)+(COUNTIF(AZ70:BK70,15)>0)+(COUNTIF(AZ70:BK70,16)>0)+(COUNTIF(AZ70:BK70,17)>0)+(COUNTIF(AZ70:BK70,18)>0)+(COUNTIF(AZ70:BK70,19)>0)+(COUNTIF(AZ70:BK70,20)>0) | CB70: =IF(ISNUMBER(MATCH($B70,AZ70:BK70,0)),1,0) | CC70: =IF(CB70=1,0,CC69+1)
A71: 2026-09-28 23:00 | B71: 20 | C71: 13 | D71: 18 | E71: 14 | F71: 7 | G71: 9 | H71: 16 | I71: 13 | J71: 11 | K71: 16 | L71: 19 | M71: 2 | N71: 6 | O71: 13 | P71: 20 | Q71: 3 | R71: 5 | S71: 11 | T71: 7 | U71: 4 | V71: 13 | W71: 18 | X71: 14 | Y71: 7 | Z71: 9 | AA71: 16 | AB71: 11 | AC71: 19 | AD71: 2 | AE71: 13 | AF71: 18 | AG71: 14 | AH71: 7 | AI71: 9 | AJ71: 16 | AK71: 11 | AL71: 19 | AM71: 2 | AN71: 6 | AO71: 13 | AP71: 18 | AQ71: 14 | AR71: 7 | AS71: 9 | AT71: 16 | AU71: 11 | AV71: 19 | AW71: 2 | AX71: 6 | AY71: 20 | AZ71: 13 | BA71: 18 | BB71: 14 | BC71: 7 | BD71: 9 | BE71: 16 | BF71: 11 | BG71: 19 | BH71: 2 | BI71: 6 | BJ71: 20 | BK71: 3 | BL71: =(COUNTIF(C71:L71,1)>0)+(COUNTIF(C71:L71,2)>0)+(COUNTIF(C71:L71,3)>0)+(COUNTIF(C71:L71,4)>0)+(COUNTIF(C71:L71,5)>0)+(COUNTIF(C71:L71,6)>0)+(COUNTIF(C71:L71,7)>0)+(COUNTIF(C71:L71,8)>0)+(COUNTIF(C71:L71,9)>0)+(COUNTIF(C71:L71,10)>0)+(COUNTIF(C71:L71,11)>0)+(COUNTIF(C71:L71,12)>0)+(COUNTIF(C71:L71,13)>0)+(COUNTIF(C71:L71,14)>0)+(COUNTIF(C71:L71,15)>0)+(COUNTIF(C71:L71,16)>0)+(COUNTIF(C71:L71,17)>0)+(COUNTIF(C71:L71,18)>0)+(COUNTIF(C71:L71,19)>0)+(COUNTIF(C71:L71,20)>0) | BM71: =IF(ISNUMBER(MATCH($B71,C71:L71,0)),1,0) | BN71: =IF(BM71=1,0,BN70+1) | BO71: =(COUNTIF(M71:U71,1)>0)+(COUNTIF(M71:U71,2)>0)+(COUNTIF(M71:U71,3)>0)+(COUNTIF(M71:U71,4)>0)+(COUNTIF(M71:U71,5)>0)+(COUNTIF(M71:U71,6)>0)+(COUNTIF(M71:U71,7)>0)+(COUNTIF(M71:U71,8)>0)+(COUNTIF(M71:U71,9)>0)+(COUNTIF(M71:U71,10)>0)+(COUNTIF(M71:U71,11)>0)+(COUNTIF(M71:U71,12)>0)+(COUNTIF(M71:U71,13)>0)+(COUNTIF(M71:U71,14)>0)+(COUNTIF(M71:U71,15)>0)+(COUNTIF(M71:U71,16)>0)+(COUNTIF(M71:U71,17)>0)+(COUNTIF(M71:U71,18)>0)+(COUNTIF(M71:U71,19)>0)+(COUNTIF(M71:U71,20)>0) | BP71: =IF(ISNUMBER(MATCH($B71,M71:U71,0)),1,0) | BQ71: =IF(BP71=1,0,BQ70+1) | BR71: =(COUNTIF(V71:AD71,1)>0)+(COUNTIF(V71:AD71,2)>0)+(COUNTIF(V71:AD71,3)>0)+(COUNTIF(V71:AD71,4)>0)+(COUNTIF(V71:AD71,5)>0)+(COUNTIF(V71:AD71,6)>0)+(COUNTIF(V71:AD71,7)>0)+(COUNTIF(V71:AD71,8)>0)+(COUNTIF(V71:AD71,9)>0)+(COUNTIF(V71:AD71,10)>0)+(COUNTIF(V71:AD71,11)>0)+(COUNTIF(V71:AD71,12)>0)+(COUNTIF(V71:AD71,13)>0)+(COUNTIF(V71:AD71,14)>0)+(COUNTIF(V71:AD71,15)>0)+(COUNTIF(V71:AD71,16)>0)+(COUNTIF(V71:AD71,17)>0)+(COUNTIF(V71:AD71,18)>0)+(COUNTIF(V71:AD71,19)>0)+(COUNTIF(V71:AD71,20)>0) | BS71: =IF(ISNUMBER(MATCH($B71,V71:AD71,0)),1,0) | BT71: =IF(BS71=1,0,BT70+1) | BU71: =(COUNTIF(AE71:AN71,1)>0)+(COUNTIF(AE71:AN71,2)>0)+(COUNTIF(AE71:AN71,3)>0)+(COUNTIF(AE71:AN71,4)>0)+(COUNTIF(AE71:AN71,5)>0)+(COUNTIF(AE71:AN71,6)>0)+(COUNTIF(AE71:AN71,7)>0)+(COUNTIF(AE71:AN71,8)>0)+(COUNTIF(AE71:AN71,9)>0)+(COUNTIF(AE71:AN71,10)>0)+(COUNTIF(AE71:AN71,11)>0)+(COUNTIF(AE71:AN71,12)>0)+(COUNTIF(AE71:AN71,13)>0)+(COUNTIF(AE71:AN71,14)>0)+(COUNTIF(AE71:AN71,15)>0)+(COUNTIF(AE71:AN71,16)>0)+(COUNTIF(AE71:AN71,17)>0)+(COUNTIF(AE71:AN71,18)>0)+(COUNTIF(AE71:AN71,19)>0)+(COUNTIF(AE71:AN71,20)>0) | BV71: =IF(ISNUMBER(MATCH($B71,AE71:AN71,0)),1,0) | BW71: =IF(BV71=1,0,BW70+1) | BX71: =(COUNTIF(AO71:AY71,1)>0)+(COUNTIF(AO71:AY71,2)>0)+(COUNTIF(AO71:AY71,3)>0)+(COUNTIF(AO71:AY71,4)>0)+(COUNTIF(AO71:AY71,5)>0)+(COUNTIF(AO71:AY71,6)>0)+(COUNTIF(AO71:AY71,7)>0)+(COUNTIF(AO71:AY71,8)>0)+(COUNTIF(AO71:AY71,9)>0)+(COUNTIF(AO71:AY71,10)>0)+(COUNTIF(AO71:AY71,11)>0)+(COUNTIF(AO71:AY71,12)>0)+(COUNTIF(AO71:AY71,13)>0)+(COUNTIF(AO71:AY71,14)>0)+(COUNTIF(AO71:AY71,15)>0)+(COUNTIF(AO71:AY71,16)>0)+(COUNTIF(AO71:AY71,17)>0)+(COUNTIF(AO71:AY71,18)>0)+(COUNTIF(AO71:AY71,19)>0)+(COUNTIF(AO71:AY71,20)>0) | BY71: =IF(ISNUMBER(MATCH($B71,AO71:AY71,0)),1,0) | BZ71: =IF(BY71=1,0,BZ70+1) | CA71: =(COUNTIF(AZ71:BK71,1)>0)+(COUNTIF(AZ71:BK71,2)>0)+(COUNTIF(AZ71:BK71,3)>0)+(COUNTIF(AZ71:BK71,4)>0)+(COUNTIF(AZ71:BK71,5)>0)+(COUNTIF(AZ71:BK71,6)>0)+(COUNTIF(AZ71:BK71,7)>0)+(COUNTIF(AZ71:BK71,8)>0)+(COUNTIF(AZ71:BK71,9)>0)+(COUNTIF(AZ71:BK71,10)>0)+(COUNTIF(AZ71:BK71,11)>0)+(COUNTIF(AZ71:BK71,12)>0)+(COUNTIF(AZ71:BK71,13)>0)+(COUNTIF(AZ71:BK71,14)>0)+(COUNTIF(AZ71:BK71,15)>0)+(COUNTIF(AZ71:BK71,16)>0)+(COUNTIF(AZ71:BK71,17)>0)+(COUNTIF(AZ71:BK71,18)>0)+(COUNTIF(AZ71:BK71,19)>0)+(COUNTIF(AZ71:BK71,20)>0) | CB71: =IF(ISNUMBER(MATCH($B71,AZ71:BK71,0)),1,0) | CC71: =IF(CB71=1,0,CC70+1)
A72: 2026-09-29 07:00 | B72: 13 | C72: 15 | D72: 13 | E72: 17 | F72: 16 | G72: 1 | H72: 14 | I72: 4 | J72: 1 | K72: 9 | L72: 7 | M72: 18 | N72: 11 | O72: 7 | P72: 2 | Q72: 5 | R72: 20 | S72: 15 | T72: 6 | U72: 13 | V72: 15 | W72: 13 | X72: 17 | Y72: 16 | Z72: 1 | AA72: 14 | AB72: 4 | AC72: 9 | AD72: 7 | AE72: 15 | AF72: 13 | AG72: 17 | AH72: 16 | AI72: 1 | AJ72: 14 | AK72: 4 | AL72: 9 | AM72: 7 | AN72: 18 | AO72: 15 | AP72: 13 | AQ72: 17 | AR72: 16 | AS72: 1 | AT72: 14 | AU72: 4 | AV72: 9 | AW72: 7 | AX72: 18 | AY72: 11 | AZ72: 15 | BA72: 13 | BB72: 17 | BC72: 16 | BD72: 1 | BE72: 14 | BF72: 4 | BG72: 9 | BH72: 7 | BI72: 18 | BJ72: 11 | BK72: 2 | BL72: =(COUNTIF(C72:L72,1)>0)+(COUNTIF(C72:L72,2)>0)+(COUNTIF(C72:L72,3)>0)+(COUNTIF(C72:L72,4)>0)+(COUNTIF(C72:L72,5)>0)+(COUNTIF(C72:L72,6)>0)+(COUNTIF(C72:L72,7)>0)+(COUNTIF(C72:L72,8)>0)+(COUNTIF(C72:L72,9)>0)+(COUNTIF(C72:L72,10)>0)+(COUNTIF(C72:L72,11)>0)+(COUNTIF(C72:L72,12)>0)+(COUNTIF(C72:L72,13)>0)+(COUNTIF(C72:L72,14)>0)+(COUNTIF(C72:L72,15)>0)+(COUNTIF(C72:L72,16)>0)+(COUNTIF(C72:L72,17)>0)+(COUNTIF(C72:L72,18)>0)+(COUNTIF(C72:L72,19)>0)+(COUNTIF(C72:L72,20)>0) | BM72: =IF(ISNUMBER(MATCH($B72,C72:L72,0)),1,0) | BN72: =IF(BM72=1,0,BN71+1) | BO72: =(COUNTIF(M72:U72,1)>0)+(COUNTIF(M72:U72,2)>0)+(COUNTIF(M72:U72,3)>0)+(COUNTIF(M72:U72,4)>0)+(COUNTIF(M72:U72,5)>0)+(COUNTIF(M72:U72,6)>0)+(COUNTIF(M72:U72,7)>0)+(COUNTIF(M72:U72,8)>0)+(COUNTIF(M72:U72,9)>0)+(COUNTIF(M72:U72,10)>0)+(COUNTIF(M72:U72,11)>0)+(COUNTIF(M72:U72,12)>0)+(COUNTIF(M72:U72,13)>0)+(COUNTIF(M72:U72,14)>0)+(COUNTIF(M72:U72,15)>0)+(COUNTIF(M72:U72,16)>0)+(COUNTIF(M72:U72,17)>0)+(COUNTIF(M72:U72,18)>0)+(COUNTIF(M72:U72,19)>0)+(COUNTIF(M72:U72,20)>0) | BP72: =IF(ISNUMBER(MATCH($B72,M72:U72,0)),1,0) | BQ72: =IF(BP72=1,0,BQ71+1) | BR72: =(COUNTIF(V72:AD72,1)>0)+(COUNTIF(V72:AD72,2)>0)+(COUNTIF(V72:AD72,3)>0)+(COUNTIF(V72:AD72,4)>0)+(COUNTIF(V72:AD72,5)>0)+(COUNTIF(V72:AD72,6)>0)+(COUNTIF(V72:AD72,7)>0)+(COUNTIF(V72:AD72,8)>0)+(COUNTIF(V72:AD72,9)>0)+(COUNTIF(V72:AD72,10)>0)+(COUNTIF(V72:AD72,11)>0)+(COUNTIF(V72:AD72,12)>0)+(COUNTIF(V72:AD72,13)>0)+(COUNTIF(V72:AD72,14)>0)+(COUNTIF(V72:AD72,15)>0)+(COUNTIF(V72:AD72,16)>0)+(COUNTIF(V72:AD72,17)>0)+(COUNTIF(V72:AD72,18)>0)+(COUNTIF(V72:AD72,19)>0)+(COUNTIF(V72:AD72,20)>0) | BS72: =IF(ISNUMBER(MATCH($B72,V72:AD72,0)),1,0) | BT72: =IF(BS72=1,0,BT71+1) | BU72: =(COUNTIF(AE72:AN72,1)>0)+(COUNTIF(AE72:AN72,2)>0)+(COUNTIF(AE72:AN72,3)>0)+(COUNTIF(AE72:AN72,4)>0)+(COUNTIF(AE72:AN72,5)>0)+(COUNTIF(AE72:AN72,6)>0)+(COUNTIF(AE72:AN72,7)>0)+(COUNTIF(AE72:AN72,8)>0)+(COUNTIF(AE72:AN72,9)>0)+(COUNTIF(AE72:AN72,10)>0)+(COUNTIF(AE72:AN72,11)>0)+(COUNTIF(AE72:AN72,12)>0)+(COUNTIF(AE72:AN72,13)>0)+(COUNTIF(AE72:AN72,14)>0)+(COUNTIF(AE72:AN72,15)>0)+(COUNTIF(AE72:AN72,16)>0)+(COUNTIF(AE72:AN72,17)>0)+(COUNTIF(AE72:AN72,18)>0)+(COUNTIF(AE72:AN72,19)>0)+(COUNTIF(AE72:AN72,20)>0) | BV72: =IF(ISNUMBER(MATCH($B72,AE72:AN72,0)),1,0) | BW72: =IF(BV72=1,0,BW71+1) | BX72: =(COUNTIF(AO72:AY72,1)>0)+(COUNTIF(AO72:AY72,2)>0)+(COUNTIF(AO72:AY72,3)>0)+(COUNTIF(AO72:AY72,4)>0)+(COUNTIF(AO72:AY72,5)>0)+(COUNTIF(AO72:AY72,6)>0)+(COUNTIF(AO72:AY72,7)>0)+(COUNTIF(AO72:AY72,8)>0)+(COUNTIF(AO72:AY72,9)>0)+(COUNTIF(AO72:AY72,10)>0)+(COUNTIF(AO72:AY72,11)>0)+(COUNTIF(AO72:AY72,12)>0)+(COUNTIF(AO72:AY72,13)>0)+(COUNTIF(AO72:AY72,14)>0)+(COUNTIF(AO72:AY72,15)>0)+(COUNTIF(AO72:AY72,16)>0)+(COUNTIF(AO72:AY72,17)>0)+(COUNTIF(AO72:AY72,18)>0)+(COUNTIF(AO72:AY72,19)>0)+(COUNTIF(AO72:AY72,20)>0) | BY72: =IF(ISNUMBER(MATCH($B72,AO72:AY72,0)),1,0) | BZ72: =IF(BY72=1,0,BZ71+1) | CA72: =(COUNTIF(AZ72:BK72,1)>0)+(COUNTIF(AZ72:BK72,2)>0)+(COUNTIF(AZ72:BK72,3)>0)+(COUNTIF(AZ72:BK72,4)>0)+(COUNTIF(AZ72:BK72,5)>0)+(COUNTIF(AZ72:BK72,6)>0)+(COUNTIF(AZ72:BK72,7)>0)+(COUNTIF(AZ72:BK72,8)>0)+(COUNTIF(AZ72:BK72,9)>0)+(COUNTIF(AZ72:BK72,10)>0)+(COUNTIF(AZ72:BK72,11)>0)+(COUNTIF(AZ72:BK72,12)>0)+(COUNTIF(AZ72:BK72,13)>0)+(COUNTIF(AZ72:BK72,14)>0)+(COUNTIF(AZ72:BK72,15)>0)+(COUNTIF(AZ72:BK72,16)>0)+(COUNTIF(AZ72:BK72,17)>0)+(COUNTIF(AZ72:BK72,18)>0)+(COUNTIF(AZ72:BK72,19)>0)+(COUNTIF(AZ72:BK72,20)>0) | CB72: =IF(ISNUMBER(MATCH($B72,AZ72:BK72,0)),1,0) | CC72: =IF(CB72=1,0,CC71+1)
A73: 2026-09-29 08:00 | B73: 14 | C73: 20 | D73: 14 | E73: 9 | F73: 18 | G73: 5 | H73: 15 | I73: 19 | J73: 19 | K73: 15 | L73: 16 | M73: 16 | N73: 6 | O73: 18 | P73: 8 | Q73: 20 | R73: 2 | S73: 17 | T73: 11 | U73: 19 | V73: 20 | W73: 14 | X73: 9 | Y73: 18 | Z73: 5 | AA73: 15 | AB73: 19 | AC73: 16 | AD73: 6 | AE73: 20 | AF73: 14 | AG73: 9 | AH73: 18 | AI73: 5 | AJ73: 15 | AK73: 19 | AL73: 16 | AM73: 6 | AN73: 8 | AO73: 20 | AP73: 14 | AQ73: 9 | AR73: 18 | AS73: 5 | AT73: 15 | AU73: 19 | AV73: 16 | AW73: 6 | AX73: 8 | AY73: 2 | AZ73: 20 | BA73: 14 | BB73: 9 | BC73: 18 | BD73: 5 | BE73: 15 | BF73: 19 | BG73: 16 | BH73: 6 | BI73: 8 | BJ73: 2 | BK73: 17 | BL73: =(COUNTIF(C73:L73,1)>0)+(COUNTIF(C73:L73,2)>0)+(COUNTIF(C73:L73,3)>0)+(COUNTIF(C73:L73,4)>0)+(COUNTIF(C73:L73,5)>0)+(COUNTIF(C73:L73,6)>0)+(COUNTIF(C73:L73,7)>0)+(COUNTIF(C73:L73,8)>0)+(COUNTIF(C73:L73,9)>0)+(COUNTIF(C73:L73,10)>0)+(COUNTIF(C73:L73,11)>0)+(COUNTIF(C73:L73,12)>0)+(COUNTIF(C73:L73,13)>0)+(COUNTIF(C73:L73,14)>0)+(COUNTIF(C73:L73,15)>0)+(COUNTIF(C73:L73,16)>0)+(COUNTIF(C73:L73,17)>0)+(COUNTIF(C73:L73,18)>0)+(COUNTIF(C73:L73,19)>0)+(COUNTIF(C73:L73,20)>0) | BM73: =IF(ISNUMBER(MATCH($B73,C73:L73,0)),1,0) | BN73: =IF(BM73=1,0,BN72+1) | BO73: =(COUNTIF(M73:U73,1)>0)+(COUNTIF(M73:U73,2)>0)+(COUNTIF(M73:U73,3)>0)+(COUNTIF(M73:U73,4)>0)+(COUNTIF(M73:U73,5)>0)+(COUNTIF(M73:U73,6)>0)+(COUNTIF(M73:U73,7)>0)+(COUNTIF(M73:U73,8)>0)+(COUNTIF(M73:U73,9)>0)+(COUNTIF(M73:U73,10)>0)+(COUNTIF(M73:U73,11)>0)+(COUNTIF(M73:U73,12)>0)+(COUNTIF(M73:U73,13)>0)+(COUNTIF(M73:U73,14)>0)+(COUNTIF(M73:U73,15)>0)+(COUNTIF(M73:U73,16)>0)+(COUNTIF(M73:U73,17)>0)+(COUNTIF(M73:U73,18)>0)+(COUNTIF(M73:U73,19)>0)+(COUNTIF(M73:U73,20)>0) | BP73: =IF(ISNUMBER(MATCH($B73,M73:U73,0)),1,0) | BQ73: =IF(BP73=1,0,BQ72+1) | BR73: =(COUNTIF(V73:AD73,1)>0)+(COUNTIF(V73:AD73,2)>0)+(COUNTIF(V73:AD73,3)>0)+(COUNTIF(V73:AD73,4)>0)+(COUNTIF(V73:AD73,5)>0)+(COUNTIF(V73:AD73,6)>0)+(COUNTIF(V73:AD73,7)>0)+(COUNTIF(V73:AD73,8)>0)+(COUNTIF(V73:AD73,9)>0)+(COUNTIF(V73:AD73,10)>0)+(COUNTIF(V73:AD73,11)>0)+(COUNTIF(V73:AD73,12)>0)+(COUNTIF(V73:AD73,13)>0)+(COUNTIF(V73:AD73,14)>0)+(COUNTIF(V73:AD73,15)>0)+(COUNTIF(V73:AD73,16)>0)+(COUNTIF(V73:AD73,17)>0)+(COUNTIF(V73:AD73,18)>0)+(COUNTIF(V73:AD73,19)>0)+(COUNTIF(V73:AD73,20)>0) | BS73: =IF(ISNUMBER(MATCH($B73,V73:AD73,0)),1,0) | BT73: =IF(BS73=1,0,BT72+1) | BU73: =(COUNTIF(AE73:AN73,1)>0)+(COUNTIF(AE73:AN73,2)>0)+(COUNTIF(AE73:AN73,3)>0)+(COUNTIF(AE73:AN73,4)>0)+(COUNTIF(AE73:AN73,5)>0)+(COUNTIF(AE73:AN73,6)>0)+(COUNTIF(AE73:AN73,7)>0)+(COUNTIF(AE73:AN73,8)>0)+(COUNTIF(AE73:AN73,9)>0)+(COUNTIF(AE73:AN73,10)>0)+(COUNTIF(AE73:AN73,11)>0)+(COUNTIF(AE73:AN73,12)>0)+(COUNTIF(AE73:AN73,13)>0)+(COUNTIF(AE73:AN73,14)>0)+(COUNTIF(AE73:AN73,15)>0)+(COUNTIF(AE73:AN73,16)>0)+(COUNTIF(AE73:AN73,17)>0)+(COUNTIF(AE73:AN73,18)>0)+(COUNTIF(AE73:AN73,19)>0)+(COUNTIF(AE73:AN73,20)>0) | BV73: =IF(ISNUMBER(MATCH($B73,AE73:AN73,0)),1,0) | BW73: =IF(BV73=1,0,BW72+1) | BX73: =(COUNTIF(AO73:AY73,1)>0)+(COUNTIF(AO73:AY73,2)>0)+(COUNTIF(AO73:AY73,3)>0)+(COUNTIF(AO73:AY73,4)>0)+(COUNTIF(AO73:AY73,5)>0)+(COUNTIF(AO73:AY73,6)>0)+(COUNTIF(AO73:AY73,7)>0)+(COUNTIF(AO73:AY73,8)>0)+(COUNTIF(AO73:AY73,9)>0)+(COUNTIF(AO73:AY73,10)>0)+(COUNTIF(AO73:AY73,11)>0)+(COUNTIF(AO73:AY73,12)>0)+(COUNTIF(AO73:AY73,13)>0)+(COUNTIF(AO73:AY73,14)>0)+(COUNTIF(AO73:AY73,15)>0)+(COUNTIF(AO73:AY73,16)>0)+(COUNTIF(AO73:AY73,17)>0)+(COUNTIF(AO73:AY73,18)>0)+(COUNTIF(AO73:AY73,19)>0)+(COUNTIF(AO73:AY73,20)>0) | BY73: =IF(ISNUMBER(MATCH($B73,AO73:AY73,0)),1,0) | BZ73: =IF(BY73=1,0,BZ72+1) | CA73: =(COUNTIF(AZ73:BK73,1)>0)+(COUNTIF(AZ73:BK73,2)>0)+(COUNTIF(AZ73:BK73,3)>0)+(COUNTIF(AZ73:BK73,4)>0)+(COUNTIF(AZ73:BK73,5)>0)+(COUNTIF(AZ73:BK73,6)>0)+(COUNTIF(AZ73:BK73,7)>0)+(COUNTIF(AZ73:BK73,8)>0)+(COUNTIF(AZ73:BK73,9)>0)+(COUNTIF(AZ73:BK73,10)>0)+(COUNTIF(AZ73:BK73,11)>0)+(COUNTIF(AZ73:BK73,12)>0)+(COUNTIF(AZ73:BK73,13)>0)+(COUNTIF(AZ73:BK73,14)>0)+(COUNTIF(AZ73:BK73,15)>0)+(COUNTIF(AZ73:BK73,16)>0)+(COUNTIF(AZ73:BK73,17)>0)+(COUNTIF(AZ73:BK73,18)>0)+(COUNTIF(AZ73:BK73,19)>0)+(COUNTIF(AZ73:BK73,20)>0) | CB73: =IF(ISNUMBER(MATCH($B73,AZ73:BK73,0)),1,0) | CC73: =IF(CB73=1,0,CC72+1)
A74: 2026-09-29 09:00 | B74: 18 | C74: 16 | D74: 4 | E74: 10 | F74: 15 | G74: 11 | H74: 3 | I74: 4 | J74: 1 | K74: 8 | L74: 4 | M74: 4 | N74: 8 | O74: 13 | P74: 18 | Q74: 9 | R74: 5 | S74: 15 | T74: 2 | U74: 7 | V74: 16 | W74: 4 | X74: 10 | Y74: 15 | Z74: 11 | AA74: 3 | AB74: 1 | AC74: 8 | AD74: 13 | AE74: 16 | AF74: 4 | AG74: 10 | AH74: 15 | AI74: 11 | AJ74: 3 | AK74: 1 | AL74: 8 | AM74: 13 | AN74: 18 | AO74: 16 | AP74: 4 | AQ74: 10 | AR74: 15 | AS74: 11 | AT74: 3 | AU74: 1 | AV74: 8 | AW74: 13 | AX74: 18 | AY74: 9 | AZ74: 16 | BA74: 4 | BB74: 10 | BC74: 15 | BD74: 11 | BE74: 3 | BF74: 1 | BG74: 8 | BH74: 13 | BI74: 18 | BJ74: 9 | BK74: 5 | BL74: =(COUNTIF(C74:L74,1)>0)+(COUNTIF(C74:L74,2)>0)+(COUNTIF(C74:L74,3)>0)+(COUNTIF(C74:L74,4)>0)+(COUNTIF(C74:L74,5)>0)+(COUNTIF(C74:L74,6)>0)+(COUNTIF(C74:L74,7)>0)+(COUNTIF(C74:L74,8)>0)+(COUNTIF(C74:L74,9)>0)+(COUNTIF(C74:L74,10)>0)+(COUNTIF(C74:L74,11)>0)+(COUNTIF(C74:L74,12)>0)+(COUNTIF(C74:L74,13)>0)+(COUNTIF(C74:L74,14)>0)+(COUNTIF(C74:L74,15)>0)+(COUNTIF(C74:L74,16)>0)+(COUNTIF(C74:L74,17)>0)+(COUNTIF(C74:L74,18)>0)+(COUNTIF(C74:L74,19)>0)+(COUNTIF(C74:L74,20)>0) | BM74: =IF(ISNUMBER(MATCH($B74,C74:L74,0)),1,0) | BN74: =IF(BM74=1,0,BN73+1) | BO74: =(COUNTIF(M74:U74,1)>0)+(COUNTIF(M74:U74,2)>0)+(COUNTIF(M74:U74,3)>0)+(COUNTIF(M74:U74,4)>0)+(COUNTIF(M74:U74,5)>0)+(COUNTIF(M74:U74,6)>0)+(COUNTIF(M74:U74,7)>0)+(COUNTIF(M74:U74,8)>0)+(COUNTIF(M74:U74,9)>0)+(COUNTIF(M74:U74,10)>0)+(COUNTIF(M74:U74,11)>0)+(COUNTIF(M74:U74,12)>0)+(COUNTIF(M74:U74,13)>0)+(COUNTIF(M74:U74,14)>0)+(COUNTIF(M74:U74,15)>0)+(COUNTIF(M74:U74,16)>0)+(COUNTIF(M74:U74,17)>0)+(COUNTIF(M74:U74,18)>0)+(COUNTIF(M74:U74,19)>0)+(COUNTIF(M74:U74,20)>0) | BP74: =IF(ISNUMBER(MATCH($B74,M74:U74,0)),1,0) | BQ74: =IF(BP74=1,0,BQ73+1) | BR74: =(COUNTIF(V74:AD74,1)>0)+(COUNTIF(V74:AD74,2)>0)+(COUNTIF(V74:AD74,3)>0)+(COUNTIF(V74:AD74,4)>0)+(COUNTIF(V74:AD74,5)>0)+(COUNTIF(V74:AD74,6)>0)+(COUNTIF(V74:AD74,7)>0)+(COUNTIF(V74:AD74,8)>0)+(COUNTIF(V74:AD74,9)>0)+(COUNTIF(V74:AD74,10)>0)+(COUNTIF(V74:AD74,11)>0)+(COUNTIF(V74:AD74,12)>0)+(COUNTIF(V74:AD74,13)>0)+(COUNTIF(V74:AD74,14)>0)+(COUNTIF(V74:AD74,15)>0)+(COUNTIF(V74:AD74,16)>0)+(COUNTIF(V74:AD74,17)>0)+(COUNTIF(V74:AD74,18)>0)+(COUNTIF(V74:AD74,19)>0)+(COUNTIF(V74:AD74,20)>0) | BS74: =IF(ISNUMBER(MATCH($B74,V74:AD74,0)),1,0) | BT74: =IF(BS74=1,0,BT73+1) | BU74: =(COUNTIF(AE74:AN74,1)>0)+(COUNTIF(AE74:AN74,2)>0)+(COUNTIF(AE74:AN74,3)>0)+(COUNTIF(AE74:AN74,4)>0)+(COUNTIF(AE74:AN74,5)>0)+(COUNTIF(AE74:AN74,6)>0)+(COUNTIF(AE74:AN74,7)>0)+(COUNTIF(AE74:AN74,8)>0)+(COUNTIF(AE74:AN74,9)>0)+(COUNTIF(AE74:AN74,10)>0)+(COUNTIF(AE74:AN74,11)>0)+(COUNTIF(AE74:AN74,12)>0)+(COUNTIF(AE74:AN74,13)>0)+(COUNTIF(AE74:AN74,14)>0)+(COUNTIF(AE74:AN74,15)>0)+(COUNTIF(AE74:AN74,16)>0)+(COUNTIF(AE74:AN74,17)>0)+(COUNTIF(AE74:AN74,18)>0)+(COUNTIF(AE74:AN74,19)>0)+(COUNTIF(AE74:AN74,20)>0) | BV74: =IF(ISNUMBER(MATCH($B74,AE74:AN74,0)),1,0) | BW74: =IF(BV74=1,0,BW73+1) | BX74: =(COUNTIF(AO74:AY74,1)>0)+(COUNTIF(AO74:AY74,2)>0)+(COUNTIF(AO74:AY74,3)>0)+(COUNTIF(AO74:AY74,4)>0)+(COUNTIF(AO74:AY74,5)>0)+(COUNTIF(AO74:AY74,6)>0)+(COUNTIF(AO74:AY74,7)>0)+(COUNTIF(AO74:AY74,8)>0)+(COUNTIF(AO74:AY74,9)>0)+(COUNTIF(AO74:AY74,10)>0)+(COUNTIF(AO74:AY74,11)>0)+(COUNTIF(AO74:AY74,12)>0)+(COUNTIF(AO74:AY74,13)>0)+(COUNTIF(AO74:AY74,14)>0)+(COUNTIF(AO74:AY74,15)>0)+(COUNTIF(AO74:AY74,16)>0)+(COUNTIF(AO74:AY74,17)>0)+(COUNTIF(AO74:AY74,18)>0)+(COUNTIF(AO74:AY74,19)>0)+(COUNTIF(AO74:AY74,20)>0) | BY74: =IF(ISNUMBER(MATCH($B74,AO74:AY74,0)),1,0) | BZ74: =IF(BY74=1,0,BZ73+1) | CA74: =(COUNTIF(AZ74:BK74,1)>0)+(COUNTIF(AZ74:BK74,2)>0)+(COUNTIF(AZ74:BK74,3)>0)+(COUNTIF(AZ74:BK74,4)>0)+(COUNTIF(AZ74:BK74,5)>0)+(COUNTIF(AZ74:BK74,6)>0)+(COUNTIF(AZ74:BK74,7)>0)+(COUNTIF(AZ74:BK74,8)>0)+(COUNTIF(AZ74:BK74,9)>0)+(COUNTIF(AZ74:BK74,10)>0)+(COUNTIF(AZ74:BK74,11)>0)+(COUNTIF(AZ74:BK74,12)>0)+(COUNTIF(AZ74:BK74,13)>0)+(COUNTIF(AZ74:BK74,14)>0)+(COUNTIF(AZ74:BK74,15)>0)+(COUNTIF(AZ74:BK74,16)>0)+(COUNTIF(AZ74:BK74,17)>0)+(COUNTIF(AZ74:BK74,18)>0)+(COUNTIF(AZ74:BK74,19)>0)+(COUNTIF(AZ74:BK74,20)>0) | CB74: =IF(ISNUMBER(MATCH($B74,AZ74:BK74,0)),1,0) | CC74: =IF(CB74=1,0,CC73+1)
A75: 2026-09-29 10:00 | B75: 20 | C75: 5 | D75: 19 | E75: 13 | F75: 10 | G75: 6 | H75: 11 | I75: 9 | J75: 19 | K75: 12 | L75: 15 | M75: 14 | N75: 13 | O75: 11 | P75: 2 | Q75: 20 | R75: 15 | S75: 3 | T75: 8 | U75: 5 | V75: 5 | W75: 19 | X75: 13 | Y75: 10 | Z75: 6 | AA75: 11 | AB75: 9 | AC75: 12 | AD75: 15 | AE75: 5 | AF75: 19 | AG75: 13 | AH75: 10 | AI75: 6 | AJ75: 11 | AK75: 9 | AL75: 12 | AM75: 15 | AN75: 14 | AO75: 5 | AP75: 19 | AQ75: 13 | AR75: 10 | AS75: 6 | AT75: 11 | AU75: 9 | AV75: 12 | AW75: 15 | AX75: 14 | AY75: 2 | AZ75: 5 | BA75: 19 | BB75: 13 | BC75: 10 | BD75: 6 | BE75: 11 | BF75: 9 | BG75: 12 | BH75: 15 | BI75: 14 | BJ75: 2 | BK75: 20 | BL75: =(COUNTIF(C75:L75,1)>0)+(COUNTIF(C75:L75,2)>0)+(COUNTIF(C75:L75,3)>0)+(COUNTIF(C75:L75,4)>0)+(COUNTIF(C75:L75,5)>0)+(COUNTIF(C75:L75,6)>0)+(COUNTIF(C75:L75,7)>0)+(COUNTIF(C75:L75,8)>0)+(COUNTIF(C75:L75,9)>0)+(COUNTIF(C75:L75,10)>0)+(COUNTIF(C75:L75,11)>0)+(COUNTIF(C75:L75,12)>0)+(COUNTIF(C75:L75,13)>0)+(COUNTIF(C75:L75,14)>0)+(COUNTIF(C75:L75,15)>0)+(COUNTIF(C75:L75,16)>0)+(COUNTIF(C75:L75,17)>0)+(COUNTIF(C75:L75,18)>0)+(COUNTIF(C75:L75,19)>0)+(COUNTIF(C75:L75,20)>0) | BM75: =IF(ISNUMBER(MATCH($B75,C75:L75,0)),1,0) | BN75: =IF(BM75=1,0,BN74+1) | BO75: =(COUNTIF(M75:U75,1)>0)+(COUNTIF(M75:U75,2)>0)+(COUNTIF(M75:U75,3)>0)+(COUNTIF(M75:U75,4)>0)+(COUNTIF(M75:U75,5)>0)+(COUNTIF(M75:U75,6)>0)+(COUNTIF(M75:U75,7)>0)+(COUNTIF(M75:U75,8)>0)+(COUNTIF(M75:U75,9)>0)+(COUNTIF(M75:U75,10)>0)+(COUNTIF(M75:U75,11)>0)+(COUNTIF(M75:U75,12)>0)+(COUNTIF(M75:U75,13)>0)+(COUNTIF(M75:U75,14)>0)+(COUNTIF(M75:U75,15)>0)+(COUNTIF(M75:U75,16)>0)+(COUNTIF(M75:U75,17)>0)+(COUNTIF(M75:U75,18)>0)+(COUNTIF(M75:U75,19)>0)+(COUNTIF(M75:U75,20)>0) | BP75: =IF(ISNUMBER(MATCH($B75,M75:U75,0)),1,0) | BQ75: =IF(BP75=1,0,BQ74+1) | BR75: =(COUNTIF(V75:AD75,1)>0)+(COUNTIF(V75:AD75,2)>0)+(COUNTIF(V75:AD75,3)>0)+(COUNTIF(V75:AD75,4)>0)+(COUNTIF(V75:AD75,5)>0)+(COUNTIF(V75:AD75,6)>0)+(COUNTIF(V75:AD75,7)>0)+(COUNTIF(V75:AD75,8)>0)+(COUNTIF(V75:AD75,9)>0)+(COUNTIF(V75:AD75,10)>0)+(COUNTIF(V75:AD75,11)>0)+(COUNTIF(V75:AD75,12)>0)+(COUNTIF(V75:AD75,13)>0)+(COUNTIF(V75:AD75,14)>0)+(COUNTIF(V75:AD75,15)>0)+(COUNTIF(V75:AD75,16)>0)+(COUNTIF(V75:AD75,17)>0)+(COUNTIF(V75:AD75,18)>0)+(COUNTIF(V75:AD75,19)>0)+(COUNTIF(V75:AD75,20)>0) | BS75: =IF(ISNUMBER(MATCH($B75,V75:AD75,0)),1,0) | BT75: =IF(BS75=1,0,BT74+1) | BU75: =(COUNTIF(AE75:AN75,1)>0)+(COUNTIF(AE75:AN75,2)>0)+(COUNTIF(AE75:AN75,3)>0)+(COUNTIF(AE75:AN75,4)>0)+(COUNTIF(AE75:AN75,5)>0)+(COUNTIF(AE75:AN75,6)>0)+(COUNTIF(AE75:AN75,7)>0)+(COUNTIF(AE75:AN75,8)>0)+(COUNTIF(AE75:AN75,9)>0)+(COUNTIF(AE75:AN75,10)>0)+(COUNTIF(AE75:AN75,11)>0)+(COUNTIF(AE75:AN75,12)>0)+(COUNTIF(AE75:AN75,13)>0)+(COUNTIF(AE75:AN75,14)>0)+(COUNTIF(AE75:AN75,15)>0)+(COUNTIF(AE75:AN75,16)>0)+(COUNTIF(AE75:AN75,17)>0)+(COUNTIF(AE75:AN75,18)>0)+(COUNTIF(AE75:AN75,19)>0)+(COUNTIF(AE75:AN75,20)>0) | BV75: =IF(ISNUMBER(MATCH($B75,AE75:AN75,0)),1,0) | BW75: =IF(BV75=1,0,BW74+1) | BX75: =(COUNTIF(AO75:AY75,1)>0)+(COUNTIF(AO75:AY75,2)>0)+(COUNTIF(AO75:AY75,3)>0)+(COUNTIF(AO75:AY75,4)>0)+(COUNTIF(AO75:AY75,5)>0)+(COUNTIF(AO75:AY75,6)>0)+(COUNTIF(AO75:AY75,7)>0)+(COUNTIF(AO75:AY75,8)>0)+(COUNTIF(AO75:AY75,9)>0)+(COUNTIF(AO75:AY75,10)>0)+(COUNTIF(AO75:AY75,11)>0)+(COUNTIF(AO75:AY75,12)>0)+(COUNTIF(AO75:AY75,13)>0)+(COUNTIF(AO75:AY75,14)>0)+(COUNTIF(AO75:AY75,15)>0)+(COUNTIF(AO75:AY75,16)>0)+(COUNTIF(AO75:AY75,17)>0)+(COUNTIF(AO75:AY75,18)>0)+(COUNTIF(AO75:AY75,19)>0)+(COUNTIF(AO75:AY75,20)>0) | BY75: =IF(ISNUMBER(MATCH($B75,AO75:AY75,0)),1,0) | BZ75: =IF(BY75=1,0,BZ74+1) | CA75: =(COUNTIF(AZ75:BK75,1)>0)+(COUNTIF(AZ75:BK75,2)>0)+(COUNTIF(AZ75:BK75,3)>0)+(COUNTIF(AZ75:BK75,4)>0)+(COUNTIF(AZ75:BK75,5)>0)+(COUNTIF(AZ75:BK75,6)>0)+(COUNTIF(AZ75:BK75,7)>0)+(COUNTIF(AZ75:BK75,8)>0)+(COUNTIF(AZ75:BK75,9)>0)+(COUNTIF(AZ75:BK75,10)>0)+(COUNTIF(AZ75:BK75,11)>0)+(COUNTIF(AZ75:BK75,12)>0)+(COUNTIF(AZ75:BK75,13)>0)+(COUNTIF(AZ75:BK75,14)>0)+(COUNTIF(AZ75:BK75,15)>0)+(COUNTIF(AZ75:BK75,16)>0)+(COUNTIF(AZ75:BK75,17)>0)+(COUNTIF(AZ75:BK75,18)>0)+(COUNTIF(AZ75:BK75,19)>0)+(COUNTIF(AZ75:BK75,20)>0) | CB75: =IF(ISNUMBER(MATCH($B75,AZ75:BK75,0)),1,0) | CC75: =IF(CB75=1,0,CC74+1)
A76: 2026-09-29 11:00 | B76: 10 | C76: 18 | D76: 11 | E76: 5 | F76: 8 | G76: 10 | H76: 10 | I76: 10 | J76: 19 | K76: 4 | L76: 14 | M76: 18 | N76: 13 | O76: 11 | P76: 7 | Q76: 10 | R76: 8 | S76: 2 | T76: 19 | U76: 3 | V76: 18 | W76: 11 | X76: 5 | Y76: 8 | Z76: 10 | AA76: 19 | AB76: 4 | AC76: 14 | AD76: 13 | AE76: 18 | AF76: 11 | AG76: 5 | AH76: 8 | AI76: 10 | AJ76: 19 | AK76: 4 | AL76: 14 | AM76: 13 | AN76: 7 | AO76: 18 | AP76: 11 | AQ76: 5 | AR76: 8 | AS76: 10 | AT76: 19 | AU76: 4 | AV76: 14 | AW76: 13 | AX76: 7 | AY76: 2 | AZ76: 18 | BA76: 11 | BB76: 5 | BC76: 8 | BD76: 10 | BE76: 19 | BF76: 4 | BG76: 14 | BH76: 13 | BI76: 7 | BJ76: 2 | BK76: 3 | BL76: =(COUNTIF(C76:L76,1)>0)+(COUNTIF(C76:L76,2)>0)+(COUNTIF(C76:L76,3)>0)+(COUNTIF(C76:L76,4)>0)+(COUNTIF(C76:L76,5)>0)+(COUNTIF(C76:L76,6)>0)+(COUNTIF(C76:L76,7)>0)+(COUNTIF(C76:L76,8)>0)+(COUNTIF(C76:L76,9)>0)+(COUNTIF(C76:L76,10)>0)+(COUNTIF(C76:L76,11)>0)+(COUNTIF(C76:L76,12)>0)+(COUNTIF(C76:L76,13)>0)+(COUNTIF(C76:L76,14)>0)+(COUNTIF(C76:L76,15)>0)+(COUNTIF(C76:L76,16)>0)+(COUNTIF(C76:L76,17)>0)+(COUNTIF(C76:L76,18)>0)+(COUNTIF(C76:L76,19)>0)+(COUNTIF(C76:L76,20)>0) | BM76: =IF(ISNUMBER(MATCH($B76,C76:L76,0)),1,0) | BN76: =IF(BM76=1,0,BN75+1) | BO76: =(COUNTIF(M76:U76,1)>0)+(COUNTIF(M76:U76,2)>0)+(COUNTIF(M76:U76,3)>0)+(COUNTIF(M76:U76,4)>0)+(COUNTIF(M76:U76,5)>0)+(COUNTIF(M76:U76,6)>0)+(COUNTIF(M76:U76,7)>0)+(COUNTIF(M76:U76,8)>0)+(COUNTIF(M76:U76,9)>0)+(COUNTIF(M76:U76,10)>0)+(COUNTIF(M76:U76,11)>0)+(COUNTIF(M76:U76,12)>0)+(COUNTIF(M76:U76,13)>0)+(COUNTIF(M76:U76,14)>0)+(COUNTIF(M76:U76,15)>0)+(COUNTIF(M76:U76,16)>0)+(COUNTIF(M76:U76,17)>0)+(COUNTIF(M76:U76,18)>0)+(COUNTIF(M76:U76,19)>0)+(COUNTIF(M76:U76,20)>0) | BP76: =IF(ISNUMBER(MATCH($B76,M76:U76,0)),1,0) | BQ76: =IF(BP76=1,0,BQ75+1) | BR76: =(COUNTIF(V76:AD76,1)>0)+(COUNTIF(V76:AD76,2)>0)+(COUNTIF(V76:AD76,3)>0)+(COUNTIF(V76:AD76,4)>0)+(COUNTIF(V76:AD76,5)>0)+(COUNTIF(V76:AD76,6)>0)+(COUNTIF(V76:AD76,7)>0)+(COUNTIF(V76:AD76,8)>0)+(COUNTIF(V76:AD76,9)>0)+(COUNTIF(V76:AD76,10)>0)+(COUNTIF(V76:AD76,11)>0)+(COUNTIF(V76:AD76,12)>0)+(COUNTIF(V76:AD76,13)>0)+(COUNTIF(V76:AD76,14)>0)+(COUNTIF(V76:AD76,15)>0)+(COUNTIF(V76:AD76,16)>0)+(COUNTIF(V76:AD76,17)>0)+(COUNTIF(V76:AD76,18)>0)+(COUNTIF(V76:AD76,19)>0)+(COUNTIF(V76:AD76,20)>0) | BS76: =IF(ISNUMBER(MATCH($B76,V76:AD76,0)),1,0) | BT76: =IF(BS76=1,0,BT75+1) | BU76: =(COUNTIF(AE76:AN76,1)>0)+(COUNTIF(AE76:AN76,2)>0)+(COUNTIF(AE76:AN76,3)>0)+(COUNTIF(AE76:AN76,4)>0)+(COUNTIF(AE76:AN76,5)>0)+(COUNTIF(AE76:AN76,6)>0)+(COUNTIF(AE76:AN76,7)>0)+(COUNTIF(AE76:AN76,8)>0)+(COUNTIF(AE76:AN76,9)>0)+(COUNTIF(AE76:AN76,10)>0)+(COUNTIF(AE76:AN76,11)>0)+(COUNTIF(AE76:AN76,12)>0)+(COUNTIF(AE76:AN76,13)>0)+(COUNTIF(AE76:AN76,14)>0)+(COUNTIF(AE76:AN76,15)>0)+(COUNTIF(AE76:AN76,16)>0)+(COUNTIF(AE76:AN76,17)>0)+(COUNTIF(AE76:AN76,18)>0)+(COUNTIF(AE76:AN76,19)>0)+(COUNTIF(AE76:AN76,20)>0) | BV76: =IF(ISNUMBER(MATCH($B76,AE76:AN76,0)),1,0) | BW76: =IF(BV76=1,0,BW75+1) | BX76: =(COUNTIF(AO76:AY76,1)>0)+(COUNTIF(AO76:AY76,2)>0)+(COUNTIF(AO76:AY76,3)>0)+(COUNTIF(AO76:AY76,4)>0)+(COUNTIF(AO76:AY76,5)>0)+(COUNTIF(AO76:AY76,6)>0)+(COUNTIF(AO76:AY76,7)>0)+(COUNTIF(AO76:AY76,8)>0)+(COUNTIF(AO76:AY76,9)>0)+(COUNTIF(AO76:AY76,10)>0)+(COUNTIF(AO76:AY76,11)>0)+(COUNTIF(AO76:AY76,12)>0)+(COUNTIF(AO76:AY76,13)>0)+(COUNTIF(AO76:AY76,14)>0)+(COUNTIF(AO76:AY76,15)>0)+(COUNTIF(AO76:AY76,16)>0)+(COUNTIF(AO76:AY76,17)>0)+(COUNTIF(AO76:AY76,18)>0)+(COUNTIF(AO76:AY76,19)>0)+(COUNTIF(AO76:AY76,20)>0) | BY76: =IF(ISNUMBER(MATCH($B76,AO76:AY76,0)),1,0) | BZ76: =IF(BY76=1,0,BZ75+1) | CA76: =(COUNTIF(AZ76:BK76,1)>0)+(COUNTIF(AZ76:BK76,2)>0)+(COUNTIF(AZ76:BK76,3)>0)+(COUNTIF(AZ76:BK76,4)>0)+(COUNTIF(AZ76:BK76,5)>0)+(COUNTIF(AZ76:BK76,6)>0)+(COUNTIF(AZ76:BK76,7)>0)+(COUNTIF(AZ76:BK76,8)>0)+(COUNTIF(AZ76:BK76,9)>0)+(COUNTIF(AZ76:BK76,10)>0)+(COUNTIF(AZ76:BK76,11)>0)+(COUNTIF(AZ76:BK76,12)>0)+(COUNTIF(AZ76:BK76,13)>0)+(COUNTIF(AZ76:BK76,14)>0)+(COUNTIF(AZ76:BK76,15)>0)+(COUNTIF(AZ76:BK76,16)>0)+(COUNTIF(AZ76:BK76,17)>0)+(COUNTIF(AZ76:BK76,18)>0)+(COUNTIF(AZ76:BK76,19)>0)+(COUNTIF(AZ76:BK76,20)>0) | CB76: =IF(ISNUMBER(MATCH($B76,AZ76:BK76,0)),1,0) | CC76: =IF(CB76=1,0,CC75+1)
A77: 2026-09-29 12:00 | B77: 17 | C77: 6 | D77: 17 | E77: 20 | F77: 10 | G77: 5 | H77: 18 | I77: 18 | J77: 11 | K77: 11 | L77: 8 | M77: 13 | N77: 8 | O77: 2 | P77: 7 | Q77: 14 | R77: 15 | S77: 5 | T77: 3 | U77: 6 | V77: 6 | W77: 17 | X77: 20 | Y77: 10 | Z77: 5 | AA77: 18 | AB77: 11 | AC77: 8 | AD77: 13 | AE77: 6 | AF77: 17 | AG77: 20 | AH77: 10 | AI77: 5 | AJ77: 18 | AK77: 11 | AL77: 8 | AM77: 13 | AN77: 2 | AO77: 6 | AP77: 17 | AQ77: 20 | AR77: 10 | AS77: 5 | AT77: 18 | AU77: 11 | AV77: 8 | AW77: 13 | AX77: 2 | AY77: 7 | AZ77: 6 | BA77: 17 | BB77: 20 | BC77: 10 | BD77: 5 | BE77: 18 | BF77: 11 | BG77: 8 | BH77: 13 | BI77: 2 | BJ77: 7 | BK77: 14 | BL77: =(COUNTIF(C77:L77,1)>0)+(COUNTIF(C77:L77,2)>0)+(COUNTIF(C77:L77,3)>0)+(COUNTIF(C77:L77,4)>0)+(COUNTIF(C77:L77,5)>0)+(COUNTIF(C77:L77,6)>0)+(COUNTIF(C77:L77,7)>0)+(COUNTIF(C77:L77,8)>0)+(COUNTIF(C77:L77,9)>0)+(COUNTIF(C77:L77,10)>0)+(COUNTIF(C77:L77,11)>0)+(COUNTIF(C77:L77,12)>0)+(COUNTIF(C77:L77,13)>0)+(COUNTIF(C77:L77,14)>0)+(COUNTIF(C77:L77,15)>0)+(COUNTIF(C77:L77,16)>0)+(COUNTIF(C77:L77,17)>0)+(COUNTIF(C77:L77,18)>0)+(COUNTIF(C77:L77,19)>0)+(COUNTIF(C77:L77,20)>0) | BM77: =IF(ISNUMBER(MATCH($B77,C77:L77,0)),1,0) | BN77: =IF(BM77=1,0,BN76+1) | BO77: =(COUNTIF(M77:U77,1)>0)+(COUNTIF(M77:U77,2)>0)+(COUNTIF(M77:U77,3)>0)+(COUNTIF(M77:U77,4)>0)+(COUNTIF(M77:U77,5)>0)+(COUNTIF(M77:U77,6)>0)+(COUNTIF(M77:U77,7)>0)+(COUNTIF(M77:U77,8)>0)+(COUNTIF(M77:U77,9)>0)+(COUNTIF(M77:U77,10)>0)+(COUNTIF(M77:U77,11)>0)+(COUNTIF(M77:U77,12)>0)+(COUNTIF(M77:U77,13)>0)+(COUNTIF(M77:U77,14)>0)+(COUNTIF(M77:U77,15)>0)+(COUNTIF(M77:U77,16)>0)+(COUNTIF(M77:U77,17)>0)+(COUNTIF(M77:U77,18)>0)+(COUNTIF(M77:U77,19)>0)+(COUNTIF(M77:U77,20)>0) | BP77: =IF(ISNUMBER(MATCH($B77,M77:U77,0)),1,0) | BQ77: =IF(BP77=1,0,BQ76+1) | BR77: =(COUNTIF(V77:AD77,1)>0)+(COUNTIF(V77:AD77,2)>0)+(COUNTIF(V77:AD77,3)>0)+(COUNTIF(V77:AD77,4)>0)+(COUNTIF(V77:AD77,5)>0)+(COUNTIF(V77:AD77,6)>0)+(COUNTIF(V77:AD77,7)>0)+(COUNTIF(V77:AD77,8)>0)+(COUNTIF(V77:AD77,9)>0)+(COUNTIF(V77:AD77,10)>0)+(COUNTIF(V77:AD77,11)>0)+(COUNTIF(V77:AD77,12)>0)+(COUNTIF(V77:AD77,13)>0)+(COUNTIF(V77:AD77,14)>0)+(COUNTIF(V77:AD77,15)>0)+(COUNTIF(V77:AD77,16)>0)+(COUNTIF(V77:AD77,17)>0)+(COUNTIF(V77:AD77,18)>0)+(COUNTIF(V77:AD77,19)>0)+(COUNTIF(V77:AD77,20)>0) | BS77: =IF(ISNUMBER(MATCH($B77,V77:AD77,0)),1,0) | BT77: =IF(BS77=1,0,BT76+1) | BU77: =(COUNTIF(AE77:AN77,1)>0)+(COUNTIF(AE77:AN77,2)>0)+(COUNTIF(AE77:AN77,3)>0)+(COUNTIF(AE77:AN77,4)>0)+(COUNTIF(AE77:AN77,5)>0)+(COUNTIF(AE77:AN77,6)>0)+(COUNTIF(AE77:AN77,7)>0)+(COUNTIF(AE77:AN77,8)>0)+(COUNTIF(AE77:AN77,9)>0)+(COUNTIF(AE77:AN77,10)>0)+(COUNTIF(AE77:AN77,11)>0)+(COUNTIF(AE77:AN77,12)>0)+(COUNTIF(AE77:AN77,13)>0)+(COUNTIF(AE77:AN77,14)>0)+(COUNTIF(AE77:AN77,15)>0)+(COUNTIF(AE77:AN77,16)>0)+(COUNTIF(AE77:AN77,17)>0)+(COUNTIF(AE77:AN77,18)>0)+(COUNTIF(AE77:AN77,19)>0)+(COUNTIF(AE77:AN77,20)>0) | BV77: =IF(ISNUMBER(MATCH($B77,AE77:AN77,0)),1,0) | BW77: =IF(BV77=1,0,BW76+1) | BX77: =(COUNTIF(AO77:AY77,1)>0)+(COUNTIF(AO77:AY77,2)>0)+(COUNTIF(AO77:AY77,3)>0)+(COUNTIF(AO77:AY77,4)>0)+(COUNTIF(AO77:AY77,5)>0)+(COUNTIF(AO77:AY77,6)>0)+(COUNTIF(AO77:AY77,7)>0)+(COUNTIF(AO77:AY77,8)>0)+(COUNTIF(AO77:AY77,9)>0)+(COUNTIF(AO77:AY77,10)>0)+(COUNTIF(AO77:AY77,11)>0)+(COUNTIF(AO77:AY77,12)>0)+(COUNTIF(AO77:AY77,13)>0)+(COUNTIF(AO77:AY77,14)>0)+(COUNTIF(AO77:AY77,15)>0)+(COUNTIF(AO77:AY77,16)>0)+(COUNTIF(AO77:AY77,17)>0)+(COUNTIF(AO77:AY77,18)>0)+(COUNTIF(AO77:AY77,19)>0)+(COUNTIF(AO77:AY77,20)>0) | BY77: =IF(ISNUMBER(MATCH($B77,AO77:AY77,0)),1,0) | BZ77: =IF(BY77=1,0,BZ76+1) | CA77: =(COUNTIF(AZ77:BK77,1)>0)+(COUNTIF(AZ77:BK77,2)>0)+(COUNTIF(AZ77:BK77,3)>0)+(COUNTIF(AZ77:BK77,4)>0)+(COUNTIF(AZ77:BK77,5)>0)+(COUNTIF(AZ77:BK77,6)>0)+(COUNTIF(AZ77:BK77,7)>0)+(COUNTIF(AZ77:BK77,8)>0)+(COUNTIF(AZ77:BK77,9)>0)+(COUNTIF(AZ77:BK77,10)>0)+(COUNTIF(AZ77:BK77,11)>0)+(COUNTIF(AZ77:BK77,12)>0)+(COUNTIF(AZ77:BK77,13)>0)+(COUNTIF(AZ77:BK77,14)>0)+(COUNTIF(AZ77:BK77,15)>0)+(COUNTIF(AZ77:BK77,16)>0)+(COUNTIF(AZ77:BK77,17)>0)+(COUNTIF(AZ77:BK77,18)>0)+(COUNTIF(AZ77:BK77,19)>0)+(COUNTIF(AZ77:BK77,20)>0) | CB77: =IF(ISNUMBER(MATCH($B77,AZ77:BK77,0)),1,0) | CC77: =IF(CB77=1,0,CC76+1)
... A86: 2026-09-29 21:00 | B86: 11 | C86: 4 | D86: 8 | E86: 8 | F86: 15 | G86: 3 | H86: 19 | I86: 12 | J86: 10 | K86: 1 | L86: 12 | M86: 19 | N86: 18 | O86: 14 | P86: 7 | Q86: 8 | R86: 2 | S86: 6 | T86: 13 | U86: 17 | V86: 4 | W86: 8 | X86: 15 | Y86: 3 | Z86: 19 | AA86: 12 | AB86: 10 | AC86: 1 | AD86: 18 | AE86: 4 | AF86: 8 | AG86: 15 | AH86: 3 | AI86: 19 | AJ86: 12 | AK86: 10 | AL86: 1 | AM86: 18 | AN86: 14 | AO86: 4 | AP86: 8 | AQ86: 15 | AR86: 3 | AS86: 19 | AT86: 12 | AU86: 10 | AV86: 1 | AW86: 18 | AX86: 14 | AY86: 7 | AZ86: 4 | BA86: 8 | BB86: 15 | BC86: 3 | BD86: 19 | BE86: 12 | BF86: 10 | BG86: 1 | BH86: 18 | BI86: 14 | BJ86: 7 | BK86: 2 | BL86: =(COUNTIF(C86:L86,1)>0)+(COUNTIF(C86:L86,2)>0)+(COUNTIF(C86:L86,3)>0)+(COUNTIF(C86:L86,4)>0)+(COUNTIF(C86:L86,5)>0)+(COUNTIF(C86:L86,6)>0)+(COUNTIF(C86:L86,7)>0)+(COUNTIF(C86:L86,8)>0)+(COUNTIF(C86:L86,9)>0)+(COUNTIF(C86:L86,10)>0)+(COUNTIF(C86:L86,11)>0)+(COUNTIF(C86:L86,12)>0)+(COUNTIF(C86:L86,13)>0)+(COUNTIF(C86:L86,14)>0)+(COUNTIF(C86:L86,15)>0)+(COUNTIF(C86:L86,16)>0)+(COUNTIF(C86:L86,17)>0)+(COUNTIF(C86:L86,18)>0)+(COUNTIF(C86:L86,19)>0)+(COUNTIF(C86:L86,20)>0) | BM86: =IF(ISNUMBER(MATCH($B86,C86:L86,0)),1,0) | BN86: =IF(BM86=1,0,BN85+1) | BO86: =(COUNTIF(M86:U86,1)>0)+(COUNTIF(M86:U86,2)>0)+(COUNTIF(M86:U86,3)>0)+(COUNTIF(M86:U86,4)>0)+(COUNTIF(M86:U86,5)>0)+(COUNTIF(M86:U86,6)>0)+(COUNTIF(M86:U86,7)>0)+(COUNTIF(M86:U86,8)>0)+(COUNTIF(M86:U86,9)>0)+(COUNTIF(M86:U86,10)>0)+(COUNTIF(M86:U86,11)>0)+(COUNTIF(M86:U86,12)>0)+(COUNTIF(M86:U86,13)>0)+(COUNTIF(M86:U86,14)>0)+(COUNTIF(M86:U86,15)>0)+(COUNTIF(M86:U86,16)>0)+(COUNTIF(M86:U86,17)>0)+(COUNTIF(M86:U86,18)>0)+(COUNTIF(M86:U86,19)>0)+(COUNTIF(M86:U86,20)>0) | BP86: =IF(ISNUMBER(MATCH($B86,M86:U86,0)),1,0) | BQ86: =IF(BP86=1,0,BQ85+1) | BR86: =(COUNTIF(V86:AD86,1)>0)+(COUNTIF(V86:AD86,2)>0)+(COUNTIF(V86:AD86,3)>0)+(COUNTIF(V86:AD86,4)>0)+(COUNTIF(V86:AD86,5)>0)+(COUNTIF(V86:AD86,6)>0)+(COUNTIF(V86:AD86,7)>0)+(COUNTIF(V86:AD86,8)>0)+(COUNTIF(V86:AD86,9)>0)+(COUNTIF(V86:AD86,10)>0)+(COUNTIF(V86:AD86,11)>0)+(COUNTIF(V86:AD86,12)>0)+(COUNTIF(V86:AD86,13)>0)+(COUNTIF(V86:AD86,14)>0)+(COUNTIF(V86:AD86,15)>0)+(COUNTIF(V86:AD86,16)>0)+(COUNTIF(V86:AD86,17)>0)+(COUNTIF(V86:AD86,18)>0)+(COUNTIF(V86:AD86,19)>0)+(COUNTIF(V86:AD86,20)>0) | BS86: =IF(ISNUMBER(MATCH($B86,V86:AD86,0)),1,0) | BT86: =IF(BS86=1,0,BT85+1) | BU86: =(COUNTIF(AE86:AN86,1)>0)+(COUNTIF(AE86:AN86,2)>0)+(COUNTIF(AE86:AN86,3)>0)+(COUNTIF(AE86:AN86,4)>0)+(COUNTIF(AE86:AN86,5)>0)+(COUNTIF(AE86:AN86,6)>0)+(COUNTIF(AE86:AN86,7)>0)+(COUNTIF(AE86:AN86,8)>0)+(COUNTIF(AE86:AN86,9)>0)+(COUNTIF(AE86:AN86,10)>0)+(COUNTIF(AE86:AN86,11)>0)+(COUNTIF(AE86:AN86,12)>0)+(COUNTIF(AE86:AN86,13)>0)+(COUNTIF(AE86:AN86,14)>0)+(COUNTIF(AE86:AN86,15)>0)+(COUNTIF(AE86:AN86,16)>0)+(COUNTIF(AE86:AN86,17)>0)+(COUNTIF(AE86:AN86,18)>0)+(COUNTIF(AE86:AN86,19)>0)+(COUNTIF(AE86:AN86,20)>0) | BV86: =IF(ISNUMBER(MATCH($B86,AE86:AN86,0)),1,0) | BW86: =IF(BV86=1,0,BW85+1) | BX86: =(COUNTIF(AO86:AY86,1)>0)+(COUNTIF(AO86:AY86,2)>0)+(COUNTIF(AO86:AY86,3)>0)+(COUNTIF(AO86:AY86,4)>0)+(COUNTIF(AO86:AY86,5)>0)+(COUNTIF(AO86:AY86,6)>0)+(COUNTIF(AO86:AY86,7)>0)+(COUNTIF(AO86:AY86,8)>0)+(COUNTIF(AO86:AY86,9)>0)+(COUNTIF(AO86:AY86,10)>0)+(COUNTIF(AO86:AY86,11)>0)+(COUNTIF(AO86:AY86,12)>0)+(COUNTIF(AO86:AY86,13)>0)+(COUNTIF(AO86:AY86,14)>0)+(COUNTIF(AO86:AY86,15)>0)+(COUNTIF(AO86:AY86,16)>0)+(COUNTIF(AO86:AY86,17)>0)+(COUNTIF(AO86:AY86,18)>0)+(COUNTIF(AO86:AY86,19)>0)+(COUNTIF(AO86:AY86,20)>0) | BY86: =IF(ISNUMBER(MATCH($B86,AO86:AY86,0)),1,0) | BZ86: =IF(BY86=1,0,BZ85+1) | CA86: =(COUNTIF(AZ86:BK86,1)>0)+(COUNTIF(AZ86:BK86,2)>0)+(COUNTIF(AZ86:BK86,3)>0)+(COUNTIF(AZ86:BK86,4)>0)+(COUNTIF(AZ86:BK86,5)>0)+(COUNTIF(AZ86:BK86,6)>0)+(COUNTIF(AZ86:BK86,7)>0)+(COUNTIF(AZ86:BK86,8)>0)+(COUNTIF(AZ86:BK86,9)>0)+(COUNTIF(AZ86:BK86,10)>0)+(COUNTIF(AZ86:BK86,11)>0)+(COUNTIF(AZ86:BK86,12)>0)+(COUNTIF(AZ86:BK86,13)>0)+(COUNTIF(AZ86:BK86,14)>0)+(COUNTIF(AZ86:BK86,15)>0)+(COUNTIF(AZ86:BK86,16)>0)+(COUNTIF(AZ86:BK86,17)>0)+(COUNTIF(AZ86:BK86,18)>0)+(COUNTIF(AZ86:BK86,19)>0)+(COUNTIF(AZ86:BK86,20)>0) | CB86: =IF(ISNUMBER(MATCH($B86,AZ86:BK86,0)),1,0) | CC86: =IF(CB86=1,0,CC85+1)
A87: 2026-09-29 22:00 | B87: 9 | C87: 11 | D87: 20 | E87: 3 | F87: 18 | G87: 9 | H87: 18 | I87: 20 | J87: 2 | K87: 7 | L87: 20 | M87: 18 | N87: 8 | O87: 13 | P87: 3 | Q87: 20 | R87: 2 | S87: 19 | T87: 11 | U87: 4 | V87: 11 | W87: 20 | X87: 3 | Y87: 18 | Z87: 9 | AA87: 2 | AB87: 7 | AC87: 8 | AD87: 13 | AE87: 11 | AF87: 20 | AG87: 3 | AH87: 18 | AI87: 9 | AJ87: 2 | AK87: 7 | AL87: 8 | AM87: 13 | AN87: 19 | AO87: 11 | AP87: 20 | AQ87: 3 | AR87: 18 | AS87: 9 | AT87: 2 | AU87: 7 | AV87: 8 | AW87: 13 | AX87: 19 | AY87: 4 | AZ87: 11 | BA87: 20 | BB87: 3 | BC87: 18 | BD87: 9 | BE87: 2 | BF87: 7 | BG87: 8 | BH87: 13 | BI87: 19 | BJ87: 4 | BL87: =(COUNTIF(C87:L87,1)>0)+(COUNTIF(C87:L87,2)>0)+(COUNTIF(C87:L87,3)>0)+(COUNTIF(C87:L87,4)>0)+(COUNTIF(C87:L87,5)>0)+(COUNTIF(C87:L87,6)>0)+(COUNTIF(C87:L87,7)>0)+(COUNTIF(C87:L87,8)>0)+(COUNTIF(C87:L87,9)>0)+(COUNTIF(C87:L87,10)>0)+(COUNTIF(C87:L87,11)>0)+(COUNTIF(C87:L87,12)>0)+(COUNTIF(C87:L87,13)>0)+(COUNTIF(C87:L87,14)>0)+(COUNTIF(C87:L87,15)>0)+(COUNTIF(C87:L87,16)>0)+(COUNTIF(C87:L87,17)>0)+(COUNTIF(C87:L87,18)>0)+(COUNTIF(C87:L87,19)>0)+(COUNTIF(C87:L87,20)>0) | BM87: =IF(ISNUMBER(MATCH($B87,C87:L87,0)),1,0) | BN87: =IF(BM87=1,0,BN86+1) | BO87: =(COUNTIF(M87:U87,1)>0)+(COUNTIF(M87:U87,2)>0)+(COUNTIF(M87:U87,3)>0)+(COUNTIF(M87:U87,4)>0)+(COUNTIF(M87:U87,5)>0)+(COUNTIF(M87:U87,6)>0)+(COUNTIF(M87:U87,7)>0)+(COUNTIF(M87:U87,8)>0)+(COUNTIF(M87:U87,9)>0)+(COUNTIF(M87:U87,10)>0)+(COUNTIF(M87:U87,11)>0)+(COUNTIF(M87:U87,12)>0)+(COUNTIF(M87:U87,13)>0)+(COUNTIF(M87:U87,14)>0)+(COUNTIF(M87:U87,15)>0)+(COUNTIF(M87:U87,16)>0)+(COUNTIF(M87:U87,17)>0)+(COUNTIF(M87:U87,18)>0)+(COUNTIF(M87:U87,19)>0)+(COUNTIF(M87:U87,20)>0) | BP87: =IF(ISNUMBER(MATCH($B87,M87:U87,0)),1,0) | BQ87: =IF(BP87=1,0,BQ86+1) | BR87: =(COUNTIF(V87:AD87,1)>0)+(COUNTIF(V87:AD87,2)>0)+(COUNTIF(V87:AD87,3)>0)+(COUNTIF(V87:AD87,4)>0)+(COUNTIF(V87:AD87,5)>0)+(COUNTIF(V87:AD87,6)>0)+(COUNTIF(V87:AD87,7)>0)+(COUNTIF(V87:AD87,8)>0)+(COUNTIF(V87:AD87,9)>0)+(COUNTIF(V87:AD87,10)>0)+(COUNTIF(V87:AD87,11)>0)+(COUNTIF(V87:AD87,12)>0)+(COUNTIF(V87:AD87,13)>0)+(COUNTIF(V87:AD87,14)>0)+(COUNTIF(V87:AD87,15)>0)+(COUNTIF(V87:AD87,16)>0)+(COUNTIF(V87:AD87,17)>0)+(COUNTIF(V87:AD87,18)>0)+(COUNTIF(V87:AD87,19)>0)+(COUNTIF(V87:AD87,20)>0) | BS87: =IF(ISNUMBER(MATCH($B87,V87:AD87,0)),1,0) | BT87: =IF(BS87=1,0,BT86+1) | BU87: =(COUNTIF(AE87:AN87,1)>0)+(COUNTIF(AE87:AN87,2)>0)+(COUNTIF(AE87:AN87,3)>0)+(COUNTIF(AE87:AN87,4)>0)+(COUNTIF(AE87:AN87,5)>0)+(COUNTIF(AE87:AN87,6)>0)+(COUNTIF(AE87:AN87,7)>0)+(COUNTIF(AE87:AN87,8)>0)+(COUNTIF(AE87:AN87,9)>0)+(COUNTIF(AE87:AN87,10)>0)+(COUNTIF(AE87:AN87,11)>0)+(COUNTIF(AE87:AN87,12)>0)+(COUNTIF(AE87:AN87,13)>0)+(COUNTIF(AE87:AN87,14)>0)+(COUNTIF(AE87:AN87,15)>0)+(COUNTIF(AE87:AN87,16)>0)+(COUNTIF(AE87:AN87,17)>0)+(COUNTIF(AE87:AN87,18)>0)+(COUNTIF(AE87:AN87,19)>0)+(COUNTIF(AE87:AN87,20)>0) | BV87: =IF(ISNUMBER(MATCH($B87,AE87:AN87,0)),1,0) | BW87: =IF(BV87=1,0,BW86+1) | BX87: =(COUNTIF(AO87:AY87,1)>0)+(COUNTIF(AO87:AY87,2)>0)+(COUNTIF(AO87:AY87,3)>0)+(COUNTIF(AO87:AY87,4)>0)+(COUNTIF(AO87:AY87,5)>0)+(COUNTIF(AO87:AY87,6)>0)+(COUNTIF(AO87:AY87,7)>0)+(COUNTIF(AO87:AY87,8)>0)+(COUNTIF(AO87:AY87,9)>0)+(COUNTIF(AO87:AY87,10)>0)+(COUNTIF(AO87:AY87,11)>0)+(COUNTIF(AO87:AY87,12)>0)+(COUNTIF(AO87:AY87,13)>0)+(COUNTIF(AO87:AY87,14)>0)+(COUNTIF(AO87:AY87,15)>0)+(COUNTIF(AO87:AY87,16)>0)+(COUNTIF(AO87:AY87,17)>0)+(COUNTIF(AO87:AY87,18)>0)+(COUNTIF(AO87:AY87,19)>0)+(COUNTIF(AO87:AY87,20)>0) | BY87: =IF(ISNUMBER(MATCH($B87,AO87:AY87,0)),1,0) | BZ87: =IF(BY87=1,0,BZ86+1) | CA87: =(COUNTIF(AZ87:BK87,1)>0)+(COUNTIF(AZ87:BK87,2)>0)+(COUNTIF(AZ87:BK87,3)>0)+(COUNTIF(AZ87:BK87,4)>0)+(COUNTIF(AZ87:BK87,5)>0)+(COUNTIF(AZ87:BK87,6)>0)+(COUNTIF(AZ87:BK87,7)>0)+(COUNTIF(AZ87:BK87,8)>0)+(COUNTIF(AZ87:BK87,9)>0)+(COUNTIF(AZ87:BK87,10)>0)+(COUNTIF(AZ87:BK87,11)>0)+(COUNTIF(AZ87:BK87,12)>0)+(COUNTIF(AZ87:BK87,13)>0)+(COUNTIF(AZ87:BK87,14)>0)+(COUNTIF(AZ87:BK87,15)>0)+(COUNTIF(AZ87:BK87,16)>0)+(COUNTIF(AZ87:BK87,17)>0)+(COUNTIF(AZ87:BK87,18)>0)+(COUNTIF(AZ87:BK87,19)>0)+(COUNTIF(AZ87:BK87,20)>0) | CB87: =IF(ISNUMBER(MATCH($B87,AZ87:BK87,0)),1,0) | CC87: =IF(CB87=1,0,CC86+1)
A88: 2026-09-29 23:00 | B88: 11 | C88: 12 | D88: 3 | E88: 8 | F88: 12 | G88: 7 | H88: 13 | I88: 9 | J88: 9 | K88: 20 | L88: 1 | M88: 13 | N88: 3 | O88: 20 | P88: 8 | Q88: 18 | R88: 5 | S88: 14 | T88: 7 | U88: 15 | V88: 12 | W88: 3 | X88: 8 | Y88: 7 | Z88: 13 | AA88: 9 | AB88: 20 | AC88: 1 | AD88: 18 | AE88: 12 | AF88: 3 | AG88: 8 | AH88: 7 | AI88: 13 | AJ88: 9 | AK88: 20 | AL88: 1 | AM88: 18 | AN88: 5 | AO88: 12 | AP88: 3 | AQ88: 8 | AR88: 7 | AS88: 13 | AT88: 9 | AU88: 20 | AV88: 1 | AW88: 18 | AX88: 5 | AY88: 14 | AZ88: 12 | BA88: 3 | BB88: 8 | BC88: 7 | BD88: 13 | BE88: 9 | BF88: 20 | BG88: 1 | BH88: 18 | BI88: 5 | BJ88: 14 | BK88: 15 | BL88: =(COUNTIF(C88:L88,1)>0)+(COUNTIF(C88:L88,2)>0)+(COUNTIF(C88:L88,3)>0)+(COUNTIF(C88:L88,4)>0)+(COUNTIF(C88:L88,5)>0)+(COUNTIF(C88:L88,6)>0)+(COUNTIF(C88:L88,7)>0)+(COUNTIF(C88:L88,8)>0)+(COUNTIF(C88:L88,9)>0)+(COUNTIF(C88:L88,10)>0)+(COUNTIF(C88:L88,11)>0)+(COUNTIF(C88:L88,12)>0)+(COUNTIF(C88:L88,13)>0)+(COUNTIF(C88:L88,14)>0)+(COUNTIF(C88:L88,15)>0)+(COUNTIF(C88:L88,16)>0)+(COUNTIF(C88:L88,17)>0)+(COUNTIF(C88:L88,18)>0)+(COUNTIF(C88:L88,19)>0)+(COUNTIF(C88:L88,20)>0) | BM88: =IF(ISNUMBER(MATCH($B88,C88:L88,0)),1,0) | BN88: =IF(BM88=1,0,BN87+1) | BO88: =(COUNTIF(M88:U88,1)>0)+(COUNTIF(M88:U88,2)>0)+(COUNTIF(M88:U88,3)>0)+(COUNTIF(M88:U88,4)>0)+(COUNTIF(M88:U88,5)>0)+(COUNTIF(M88:U88,6)>0)+(COUNTIF(M88:U88,7)>0)+(COUNTIF(M88:U88,8)>0)+(COUNTIF(M88:U88,9)>0)+(COUNTIF(M88:U88,10)>0)+(COUNTIF(M88:U88,11)>0)+(COUNTIF(M88:U88,12)>0)+(COUNTIF(M88:U88,13)>0)+(COUNTIF(M88:U88,14)>0)+(COUNTIF(M88:U88,15)>0)+(COUNTIF(M88:U88,16)>0)+(COUNTIF(M88:U88,17)>0)+(COUNTIF(M88:U88,18)>0)+(COUNTIF(M88:U88,19)>0)+(COUNTIF(M88:U88,20)>0) | BP88: =IF(ISNUMBER(MATCH($B88,M88:U88,0)),1,0) | BQ88: =IF(BP88=1,0,BQ87+1) | BR88: =(COUNTIF(V88:AD88,1)>0)+(COUNTIF(V88:AD88,2)>0)+(COUNTIF(V88:AD88,3)>0)+(COUNTIF(V88:AD88,4)>0)+(COUNTIF(V88:AD88,5)>0)+(COUNTIF(V88:AD88,6)>0)+(COUNTIF(V88:AD88,7)>0)+(COUNTIF(V88:AD88,8)>0)+(COUNTIF(V88:AD88,9)>0)+(COUNTIF(V88:AD88,10)>0)+(COUNTIF(V88:AD88,11)>0)+(COUNTIF(V88:AD88,12)>0)+(COUNTIF(V88:AD88,13)>0)+(COUNTIF(V88:AD88,14)>0)+(COUNTIF(V88:AD88,15)>0)+(COUNTIF(V88:AD88,16)>0)+(COUNTIF(V88:AD88,17)>0)+(COUNTIF(V88:AD88,18)>0)+(COUNTIF(V88:AD88,19)>0)+(COUNTIF(V88:AD88,20)>0) | BS88: =IF(ISNUMBER(MATCH($B88,V88:AD88,0)),1,0) | BT88: =IF(BS88=1,0,BT87+1) | BU88: =(COUNTIF(AE88:AN88,1)>0)+(COUNTIF(AE88:AN88,2)>0)+(COUNTIF(AE88:AN88,3)>0)+(COUNTIF(AE88:AN88,4)>0)+(COUNTIF(AE88:AN88,5)>0)+(COUNTIF(AE88:AN88,6)>0)+(COUNTIF(AE88:AN88,7)>0)+(COUNTIF(AE88:AN88,8)>0)+(COUNTIF(AE88:AN88,9)>0)+(COUNTIF(AE88:AN88,10)>0)+(COUNTIF(AE88:AN88,11)>0)+(COUNTIF(AE88:AN88,12)>0)+(COUNTIF(AE88:AN88,13)>0)+(COUNTIF(AE88:AN88,14)>0)+(COUNTIF(AE88:AN88,15)>0)+(COUNTIF(AE88:AN88,16)>0)+(COUNTIF(AE88:AN88,17)>0)+(COUNTIF(AE88:AN88,18)>0)+(COUNTIF(AE88:AN88,19)>0)+(COUNTIF(AE88:AN88,20)>0) | BV88: =IF(ISNUMBER(MATCH($B88,AE88:AN88,0)),1,0) | BW88: =IF(BV88=1,0,BW87+1) | BX88: =(COUNTIF(AO88:AY88,1)>0)+(COUNTIF(AO88:AY88,2)>0)+(COUNTIF(AO88:AY88,3)>0)+(COUNTIF(AO88:AY88,4)>0)+(COUNTIF(AO88:AY88,5)>0)+(COUNTIF(AO88:AY88,6)>0)+(COUNTIF(AO88:AY88,7)>0)+(COUNTIF(AO88:AY88,8)>0)+(COUNTIF(AO88:AY88,9)>0)+(COUNTIF(AO88:AY88,10)>0)+(COUNTIF(AO88:AY88,11)>0)+(COUNTIF(AO88:AY88,12)>0)+(COUNTIF(AO88:AY88,13)>0)+(COUNTIF(AO88:AY88,14)>0)+(COUNTIF(AO88:AY88,15)>0)+(COUNTIF(AO88:AY88,16)>0)+(COUNTIF(AO88:AY88,17)>0)+(COUNTIF(AO88:AY88,18)>0)+(COUNTIF(AO88:AY88,19)>0)+(COUNTIF(AO88:AY88,20)>0) | BY88: =IF(ISNUMBER(MATCH($B88,AO88:AY88,0)),1,0) | BZ88: =IF(BY88=1,0,BZ87+1) | CA88: =(COUNTIF(AZ88:BK88,1)>0)+(COUNTIF(AZ88:BK88,2)>0)+(COUNTIF(AZ88:BK88,3)>0)+(COUNTIF(AZ88:BK88,4)>0)+(COUNTIF(AZ88:BK88,5)>0)+(COUNTIF(AZ88:BK88,6)>0)+(COUNTIF(AZ88:BK88,7)>0)+(COUNTIF(AZ88:BK88,8)>0)+(COUNTIF(AZ88:BK88,9)>0)+(COUNTIF(AZ88:BK88,10)>0)+(COUNTIF(AZ88:BK88,11)>0)+(COUNTIF(AZ88:BK88,12)>0)+(COUNTIF(AZ88:BK88,13)>0)+(COUNTIF(AZ88:BK88,14)>0)+(COUNTIF(AZ88:BK88,15)>0)+(COUNTIF(AZ88:BK88,16)>0)+(COUNTIF(AZ88:BK88,17)>0)+(COUNTIF(AZ88:BK88,18)>0)+(COUNTIF(AZ88:BK88,19)>0)+(COUNTIF(AZ88:BK88,20)>0) | CB88: =IF(ISNUMBER(MATCH($B88,AZ88:BK88,0)),1,0) | CC88: =IF(CB88=1,0,CC87+1)
A89: 2026-09-30 07:00 | B89: 8 | C89: 4 | D89: 3 | E89: 16 | F89: 12 | G89: 11 | H89: 11 | I89: 5 | J89: 8 | K89: 18 | L89: 16 | M89: 11 | N89: 17 | O89: 18 | P89: 3 | Q89: 20 | R89: 2 | S89: 4 | T89: 13 | U89: 5 | V89: 4 | W89: 3 | X89: 16 | Y89: 12 | Z89: 11 | AA89: 5 | AB89: 8 | AC89: 18 | AD89: 17 | AE89: 4 | AF89: 3 | AG89: 16 | AH89: 12 | AI89: 11 | AJ89: 5 | AK89: 8 | AL89: 18 | AM89: 17 | AN89: 20 | AO89: 4 | AP89: 3 | AQ89: 16 | AR89: 12 | AS89: 11 | AT89: 5 | AU89: 8 | AV89: 18 | AW89: 17 | AX89: 20 | AY89: 2 | AZ89: 4 | BA89: 3 | BB89: 16 | BC89: 12 | BD89: 11 | BE89: 5 | BF89: 8 | BG89: 18 | BH89: 17 | BI89: 20 | BJ89: 2 | BK89: 13 | BL89: =(COUNTIF(C89:L89,1)>0)+(COUNTIF(C89:L89,2)>0)+(COUNTIF(C89:L89,3)>0)+(COUNTIF(C89:L89,4)>0)+(COUNTIF(C89:L89,5)>0)+(COUNTIF(C89:L89,6)>0)+(COUNTIF(C89:L89,7)>0)+(COUNTIF(C89:L89,8)>0)+(COUNTIF(C89:L89,9)>0)+(COUNTIF(C89:L89,10)>0)+(COUNTIF(C89:L89,11)>0)+(COUNTIF(C89:L89,12)>0)+(COUNTIF(C89:L89,13)>0)+(COUNTIF(C89:L89,14)>0)+(COUNTIF(C89:L89,15)>0)+(COUNTIF(C89:L89,16)>0)+(COUNTIF(C89:L89,17)>0)+(COUNTIF(C89:L89,18)>0)+(COUNTIF(C89:L89,19)>0)+(COUNTIF(C89:L89,20)>0) | BM89: =IF(ISNUMBER(MATCH($B89,C89:L89,0)),1,0) | BN89: =IF(BM89=1,0,BN88+1) | BO89: =(COUNTIF(M89:U89,1)>0)+(COUNTIF(M89:U89,2)>0)+(COUNTIF(M89:U89,3)>0)+(COUNTIF(M89:U89,4)>0)+(COUNTIF(M89:U89,5)>0)+(COUNTIF(M89:U89,6)>0)+(COUNTIF(M89:U89,7)>0)+(COUNTIF(M89:U89,8)>0)+(COUNTIF(M89:U89,9)>0)+(COUNTIF(M89:U89,10)>0)+(COUNTIF(M89:U89,11)>0)+(COUNTIF(M89:U89,12)>0)+(COUNTIF(M89:U89,13)>0)+(COUNTIF(M89:U89,14)>0)+(COUNTIF(M89:U89,15)>0)+(COUNTIF(M89:U89,16)>0)+(COUNTIF(M89:U89,17)>0)+(COUNTIF(M89:U89,18)>0)+(COUNTIF(M89:U89,19)>0)+(COUNTIF(M89:U89,20)>0) | BP89: =IF(ISNUMBER(MATCH($B89,M89:U89,0)),1,0) | BQ89: =IF(BP89=1,0,BQ88+1) | BR89: =(COUNTIF(V89:AD89,1)>0)+(COUNTIF(V89:AD89,2)>0)+(COUNTIF(V89:AD89,3)>0)+(COUNTIF(V89:AD89,4)>0)+(COUNTIF(V89:AD89,5)>0)+(COUNTIF(V89:AD89,6)>0)+(COUNTIF(V89:AD89,7)>0)+(COUNTIF(V89:AD89,8)>0)+(COUNTIF(V89:AD89,9)>0)+(COUNTIF(V89:AD89,10)>0)+(COUNTIF(V89:AD89,11)>0)+(COUNTIF(V89:AD89,12)>0)+(COUNTIF(V89:AD89,13)>0)+(COUNTIF(V89:AD89,14)>0)+(COUNTIF(V89:AD89,15)>0)+(COUNTIF(V89:AD89,16)>0)+(COUNTIF(V89:AD89,17)>0)+(COUNTIF(V89:AD89,18)>0)+(COUNTIF(V89:AD89,19)>0)+(COUNTIF(V89:AD89,20)>0) | BS89: =IF(ISNUMBER(MATCH($B89,V89:AD89,0)),1,0) | BT89: =IF(BS89=1,0,BT88+1) | BU89: =(COUNTIF(AE89:AN89,1)>0)+(COUNTIF(AE89:AN89,2)>0)+(COUNTIF(AE89:AN89,3)>0)+(COUNTIF(AE89:AN89,4)>0)+(COUNTIF(AE89:AN89,5)>0)+(COUNTIF(AE89:AN89,6)>0)+(COUNTIF(AE89:AN89,7)>0)+(COUNTIF(AE89:AN89,8)>0)+(COUNTIF(AE89:AN89,9)>0)+(COUNTIF(AE89:AN89,10)>0)+(COUNTIF(AE89:AN89,11)>0)+(COUNTIF(AE89:AN89,12)>0)+(COUNTIF(AE89:AN89,13)>0)+(COUNTIF(AE89:AN89,14)>0)+(COUNTIF(AE89:AN89,15)>0)+(COUNTIF(AE89:AN89,16)>0)+(COUNTIF(AE89:AN89,17)>0)+(COUNTIF(AE89:AN89,18)>0)+(COUNTIF(AE89:AN89,19)>0)+(COUNTIF(AE89:AN89,20)>0) | BV89: =IF(ISNUMBER(MATCH($B89,AE89:AN89,0)),1,0) | BW89: =IF(BV89=1,0,BW88+1) | BX89: =(COUNTIF(AO89:AY89,1)>0)+(COUNTIF(AO89:AY89,2)>0)+(COUNTIF(AO89:AY89,3)>0)+(COUNTIF(AO89:AY89,4)>0)+(COUNTIF(AO89:AY89,5)>0)+(COUNTIF(AO89:AY89,6)>0)+(COUNTIF(AO89:AY89,7)>0)+(COUNTIF(AO89:AY89,8)>0)+(COUNTIF(AO89:AY89,9)>0)+(COUNTIF(AO89:AY89,10)>0)+(COUNTIF(AO89:AY89,11)>0)+(COUNTIF(AO89:AY89,12)>0)+(COUNTIF(AO89:AY89,13)>0)+(COUNTIF(AO89:AY89,14)>0)+(COUNTIF(AO89:AY89,15)>0)+(COUNTIF(AO89:AY89,16)>0)+(COUNTIF(AO89:AY89,17)>0)+(COUNTIF(AO89:AY89,18)>0)+(COUNTIF(AO89:AY89,19)>0)+(COUNTIF(AO89:AY89,20)>0) | BY89: =IF(ISNUMBER(MATCH($B89,AO89:AY89,0)),1,0) | BZ89: =IF(BY89=1,0,BZ88+1) | CA89: =(COUNTIF(AZ89:BK89,1)>0)+(COUNTIF(AZ89:BK89,2)>0)+(COUNTIF(AZ89:BK89,3)>0)+(COUNTIF(AZ89:BK89,4)>0)+(COUNTIF(AZ89:BK89,5)>0)+(COUNTIF(AZ89:BK89,6)>0)+(COUNTIF(AZ89:BK89,7)>0)+(COUNTIF(AZ89:BK89,8)>0)+(COUNTIF(AZ89:BK89,9)>0)+(COUNTIF(AZ89:BK89,10)>0)+(COUNTIF(AZ89:BK89,11)>0)+(COUNTIF(AZ89:BK89,12)>0)+(COUNTIF(AZ89:BK89,13)>0)+(COUNTIF(AZ89:BK89,14)>0)+(COUNTIF(AZ89:BK89,15)>0)+(COUNTIF(AZ89:BK89,16)>0)+(COUNTIF(AZ89:BK89,17)>0)+(COUNTIF(AZ89:BK89,18)>0)+(COUNTIF(AZ89:BK89,19)>0)+(COUNTIF(AZ89:BK89,20)>0) | CB89: =IF(ISNUMBER(MATCH($B89,AZ89:BK89,0)),1,0) | CC89: =IF(CB89=1,0,CC88+1)
A90: 2026-09-30 08:00 | B90: 7 | C90: 4 | D90: 9 | E90: 18 | F90: 18 | G90: 6 | H90: 2 | I90: 3 | J90: 6 | K90: 3 | L90: 16 | M90: 3 | N90: 13 | O90: 15 | P90: 10 | Q90: 14 | R90: 9 | S90: 6 | T90: 18 | U90: 16 | V90: 4 | W90: 9 | X90: 18 | Y90: 6 | Z90: 2 | AA90: 3 | AB90: 16 | AC90: 13 | AD90: 15 | AE90: 4 | AF90: 9 | AG90: 18 | AH90: 6 | AI90: 2 | AJ90: 3 | AK90: 16 | AL90: 13 | AM90: 15 | AN90: 10 | AO90: 4 | AP90: 9 | AQ90: 18 | AR90: 6 | AS90: 2 | AT90: 3 | AU90: 16 | AV90: 13 | AW90: 15 | AX90: 10 | AY90: 14 | AZ90: 4 | BA90: 9 | BB90: 18 | BC90: 6 | BD90: 2 | BE90: 3 | BF90: 16 | BG90: 13 | BH90: 15 | BI90: 10 | BJ90: 14 | BL90: =(COUNTIF(C90:L90,1)>0)+(COUNTIF(C90:L90,2)>0)+(COUNTIF(C90:L90,3)>0)+(COUNTIF(C90:L90,4)>0)+(COUNTIF(C90:L90,5)>0)+(COUNTIF(C90:L90,6)>0)+(COUNTIF(C90:L90,7)>0)+(COUNTIF(C90:L90,8)>0)+(COUNTIF(C90:L90,9)>0)+(COUNTIF(C90:L90,10)>0)+(COUNTIF(C90:L90,11)>0)+(COUNTIF(C90:L90,12)>0)+(COUNTIF(C90:L90,13)>0)+(COUNTIF(C90:L90,14)>0)+(COUNTIF(C90:L90,15)>0)+(COUNTIF(C90:L90,16)>0)+(COUNTIF(C90:L90,17)>0)+(COUNTIF(C90:L90,18)>0)+(COUNTIF(C90:L90,19)>0)+(COUNTIF(C90:L90,20)>0) | BM90: =IF(ISNUMBER(MATCH($B90,C90:L90,0)),1,0) | BN90: =IF(BM90=1,0,BN89+1) | BO90: =(COUNTIF(M90:U90,1)>0)+(COUNTIF(M90:U90,2)>0)+(COUNTIF(M90:U90,3)>0)+(COUNTIF(M90:U90,4)>0)+(COUNTIF(M90:U90,5)>0)+(COUNTIF(M90:U90,6)>0)+(COUNTIF(M90:U90,7)>0)+(COUNTIF(M90:U90,8)>0)+(COUNTIF(M90:U90,9)>0)+(COUNTIF(M90:U90,10)>0)+(COUNTIF(M90:U90,11)>0)+(COUNTIF(M90:U90,12)>0)+(COUNTIF(M90:U90,13)>0)+(COUNTIF(M90:U90,14)>0)+(COUNTIF(M90:U90,15)>0)+(COUNTIF(M90:U90,16)>0)+(COUNTIF(M90:U90,17)>0)+(COUNTIF(M90:U90,18)>0)+(COUNTIF(M90:U90,19)>0)+(COUNTIF(M90:U90,20)>0) | BP90: =IF(ISNUMBER(MATCH($B90,M90:U90,0)),1,0) | BQ90: =IF(BP90=1,0,BQ89+1) | BR90: =(COUNTIF(V90:AD90,1)>0)+(COUNTIF(V90:AD90,2)>0)+(COUNTIF(V90:AD90,3)>0)+(COUNTIF(V90:AD90,4)>0)+(COUNTIF(V90:AD90,5)>0)+(COUNTIF(V90:AD90,6)>0)+(COUNTIF(V90:AD90,7)>0)+(COUNTIF(V90:AD90,8)>0)+(COUNTIF(V90:AD90,9)>0)+(COUNTIF(V90:AD90,10)>0)+(COUNTIF(V90:AD90,11)>0)+(COUNTIF(V90:AD90,12)>0)+(COUNTIF(V90:AD90,13)>0)+(COUNTIF(V90:AD90,14)>0)+(COUNTIF(V90:AD90,15)>0)+(COUNTIF(V90:AD90,16)>0)+(COUNTIF(V90:AD90,17)>0)+(COUNTIF(V90:AD90,18)>0)+(COUNTIF(V90:AD90,19)>0)+(COUNTIF(V90:AD90,20)>0) | BS90: =IF(ISNUMBER(MATCH($B90,V90:AD90,0)),1,0) | BT90: =IF(BS90=1,0,BT89+1) | BU90: =(COUNTIF(AE90:AN90,1)>0)+(COUNTIF(AE90:AN90,2)>0)+(COUNTIF(AE90:AN90,3)>0)+(COUNTIF(AE90:AN90,4)>0)+(COUNTIF(AE90:AN90,5)>0)+(COUNTIF(AE90:AN90,6)>0)+(COUNTIF(AE90:AN90,7)>0)+(COUNTIF(AE90:AN90,8)>0)+(COUNTIF(AE90:AN90,9)>0)+(COUNTIF(AE90:AN90,10)>0)+(COUNTIF(AE90:AN90,11)>0)+(COUNTIF(AE90:AN90,12)>0)+(COUNTIF(AE90:AN90,13)>0)+(COUNTIF(AE90:AN90,14)>0)+(COUNTIF(AE90:AN90,15)>0)+(COUNTIF(AE90:AN90,16)>0)+(COUNTIF(AE90:AN90,17)>0)+(COUNTIF(AE90:AN90,18)>0)+(COUNTIF(AE90:AN90,19)>0)+(COUNTIF(AE90:AN90,20)>0) | BV90: =IF(ISNUMBER(MATCH($B90,AE90:AN90,0)),1,0) | BW90: =IF(BV90=1,0,BW89+1) | BX90: =(COUNTIF(AO90:AY90,1)>0)+(COUNTIF(AO90:AY90,2)>0)+(COUNTIF(AO90:AY90,3)>0)+(COUNTIF(AO90:AY90,4)>0)+(COUNTIF(AO90:AY90,5)>0)+(COUNTIF(AO90:AY90,6)>0)+(COUNTIF(AO90:AY90,7)>0)+(COUNTIF(AO90:AY90,8)>0)+(COUNTIF(AO90:AY90,9)>0)+(COUNTIF(AO90:AY90,10)>0)+(COUNTIF(AO90:AY90,11)>0)+(COUNTIF(AO90:AY90,12)>0)+(COUNTIF(AO90:AY90,13)>0)+(COUNTIF(AO90:AY90,14)>0)+(COUNTIF(AO90:AY90,15)>0)+(COUNTIF(AO90:AY90,16)>0)+(COUNTIF(AO90:AY90,17)>0)+(COUNTIF(AO90:AY90,18)>0)+(COUNTIF(AO90:AY90,19)>0)+(COUNTIF(AO90:AY90,20)>0) | BY90: =IF(ISNUMBER(MATCH($B90,AO90:AY90,0)),1,0) | BZ90: =IF(BY90=1,0,BZ89+1) | CA90: =(COUNTIF(AZ90:BK90,1)>0)+(COUNTIF(AZ90:BK90,2)>0)+(COUNTIF(AZ90:BK90,3)>0)+(COUNTIF(AZ90:BK90,4)>0)+(COUNTIF(AZ90:BK90,5)>0)+(COUNTIF(AZ90:BK90,6)>0)+(COUNTIF(AZ90:BK90,7)>0)+(COUNTIF(AZ90:BK90,8)>0)+(COUNTIF(AZ90:BK90,9)>0)+(COUNTIF(AZ90:BK90,10)>0)+(COUNTIF(AZ90:BK90,11)>0)+(COUNTIF(AZ90:BK90,12)>0)+(COUNTIF(AZ90:BK90,13)>0)+(COUNTIF(AZ90:BK90,14)>0)+(COUNTIF(AZ90:BK90,15)>0)+(COUNTIF(AZ90:BK90,16)>0)+(COUNTIF(AZ90:BK90,17)>0)+(COUNTIF(AZ90:BK90,18)>0)+(COUNTIF(AZ90:BK90,19)>0)+(COUNTIF(AZ90:BK90,20)>0) | CB90: =IF(ISNUMBER(MATCH($B90,AZ90:BK90,0)),1,0) | CC90: =IF(CB90=1,0,CC89+1)
A91: 2026-09-30 09:00 | B91: 14 | C91: 18 | D91: 13 | E91: 12 | F91: 9 | G91: 4 | H91: 18 | I91: 8 | J91: 11 | K91: 20 | L91: 8 | M91: 8 | N91: 11 | O91: 2 | P91: 4 | Q91: 13 | R91: 5 | S91: 16 | T91: 15 | U91: 7 | V91: 18 | W91: 13 | X91: 12 | Y91: 9 | Z91: 4 | AA91: 8 | AB91: 11 | AC91: 20 | AD91: 2 | AE91: 18 | AF91: 13 | AG91: 12 | AH91: 9 | AI91: 4 | AJ91: 8 | AK91: 11 | AL91: 20 | AM91: 2 | AN91: 5 | AO91: 18 | AP91: 13 | AQ91: 12 | AR91: 9 | AS91: 4 | AT91: 8 | AU91: 11 | AV91: 20 | AW91: 2 | AX91: 5 | AY91: 16 | AZ91: 18 | BA91: 13 | BB91: 12 | BC91: 9 | BD91: 4 | BE91: 8 | BF91: 11 | BG91: 20 | BH91: 2 | BI91: 5 | BJ91: 16 | BK91: 15 | BL91: =(COUNTIF(C91:L91,1)>0)+(COUNTIF(C91:L91,2)>0)+(COUNTIF(C91:L91,3)>0)+(COUNTIF(C91:L91,4)>0)+(COUNTIF(C91:L91,5)>0)+(COUNTIF(C91:L91,6)>0)+(COUNTIF(C91:L91,7)>0)+(COUNTIF(C91:L91,8)>0)+(COUNTIF(C91:L91,9)>0)+(COUNTIF(C91:L91,10)>0)+(COUNTIF(C91:L91,11)>0)+(COUNTIF(C91:L91,12)>0)+(COUNTIF(C91:L91,13)>0)+(COUNTIF(C91:L91,14)>0)+(COUNTIF(C91:L91,15)>0)+(COUNTIF(C91:L91,16)>0)+(COUNTIF(C91:L91,17)>0)+(COUNTIF(C91:L91,18)>0)+(COUNTIF(C91:L91,19)>0)+(COUNTIF(C91:L91,20)>0) | BM91: =IF(ISNUMBER(MATCH($B91,C91:L91,0)),1,0) | BN91: =IF(BM91=1,0,BN90+1) | BO91: =(COUNTIF(M91:U91,1)>0)+(COUNTIF(M91:U91,2)>0)+(COUNTIF(M91:U91,3)>0)+(COUNTIF(M91:U91,4)>0)+(COUNTIF(M91:U91,5)>0)+(COUNTIF(M91:U91,6)>0)+(COUNTIF(M91:U91,7)>0)+(COUNTIF(M91:U91,8)>0)+(COUNTIF(M91:U91,9)>0)+(COUNTIF(M91:U91,10)>0)+(COUNTIF(M91:U91,11)>0)+(COUNTIF(M91:U91,12)>0)+(COUNTIF(M91:U91,13)>0)+(COUNTIF(M91:U91,14)>0)+(COUNTIF(M91:U91,15)>0)+(COUNTIF(M91:U91,16)>0)+(COUNTIF(M91:U91,17)>0)+(COUNTIF(M91:U91,18)>0)+(COUNTIF(M91:U91,19)>0)+(COUNTIF(M91:U91,20)>0) | BP91: =IF(ISNUMBER(MATCH($B91,M91:U91,0)),1,0) | BQ91: =IF(BP91=1,0,BQ90+1) | BR91: =(COUNTIF(V91:AD91,1)>0)+(COUNTIF(V91:AD91,2)>0)+(COUNTIF(V91:AD91,3)>0)+(COUNTIF(V91:AD91,4)>0)+(COUNTIF(V91:AD91,5)>0)+(COUNTIF(V91:AD91,6)>0)+(COUNTIF(V91:AD91,7)>0)+(COUNTIF(V91:AD91,8)>0)+(COUNTIF(V91:AD91,9)>0)+(COUNTIF(V91:AD91,10)>0)+(COUNTIF(V91:AD91,11)>0)+(COUNTIF(V91:AD91,12)>0)+(COUNTIF(V91:AD91,13)>0)+(COUNTIF(V91:AD91,14)>0)+(COUNTIF(V91:AD91,15)>0)+(COUNTIF(V91:AD91,16)>0)+(COUNTIF(V91:AD91,17)>0)+(COUNTIF(V91:AD91,18)>0)+(COUNTIF(V91:AD91,19)>0)+(COUNTIF(V91:AD91,20)>0) | BS91: =IF(ISNUMBER(MATCH($B91,V91:AD91,0)),1,0) | BT91: =IF(BS91=1,0,BT90+1) | BU91: =(COUNTIF(AE91:AN91,1)>0)+(COUNTIF(AE91:AN91,2)>0)+(COUNTIF(AE91:AN91,3)>0)+(COUNTIF(AE91:AN91,4)>0)+(COUNTIF(AE91:AN91,5)>0)+(COUNTIF(AE91:AN91,6)>0)+(COUNTIF(AE91:AN91,7)>0)+(COUNTIF(AE91:AN91,8)>0)+(COUNTIF(AE91:AN91,9)>0)+(COUNTIF(AE91:AN91,10)>0)+(COUNTIF(AE91:AN91,11)>0)+(COUNTIF(AE91:AN91,12)>0)+(COUNTIF(AE91:AN91,13)>0)+(COUNTIF(AE91:AN91,14)>0)+(COUNTIF(AE91:AN91,15)>0)+(COUNTIF(AE91:AN91,16)>0)+(COUNTIF(AE91:AN91,17)>0)+(COUNTIF(AE91:AN91,18)>0)+(COUNTIF(AE91:AN91,19)>0)+(COUNTIF(AE91:AN91,20)>0) | BV91: =IF(ISNUMBER(MATCH($B91,AE91:AN91,0)),1,0) | BW91: =IF(BV91=1,0,BW90+1) | BX91: =(COUNTIF(AO91:AY91,1)>0)+(COUNTIF(AO91:AY91,2)>0)+(COUNTIF(AO91:AY91,3)>0)+(COUNTIF(AO91:AY91,4)>0)+(COUNTIF(AO91:AY91,5)>0)+(COUNTIF(AO91:AY91,6)>0)+(COUNTIF(AO91:AY91,7)>0)+(COUNTIF(AO91:AY91,8)>0)+(COUNTIF(AO91:AY91,9)>0)+(COUNTIF(AO91:AY91,10)>0)+(COUNTIF(AO91:AY91,11)>0)+(COUNTIF(AO91:AY91,12)>0)+(COUNTIF(AO91:AY91,13)>0)+(COUNTIF(AO91:AY91,14)>0)+(COUNTIF(AO91:AY91,15)>0)+(COUNTIF(AO91:AY91,16)>0)+(COUNTIF(AO91:AY91,17)>0)+(COUNTIF(AO91:AY91,18)>0)+(COUNTIF(AO91:AY91,19)>0)+(COUNTIF(AO91:AY91,20)>0) | BY91: =IF(ISNUMBER(MATCH($B91,AO91:AY91,0)),1,0) | BZ91: =IF(BY91=1,0,BZ90+1) | CA91: =(COUNTIF(AZ91:BK91,1)>0)+(COUNTIF(AZ91:BK91,2)>0)+(COUNTIF(AZ91:BK91,3)>0)+(COUNTIF(AZ91:BK91,4)>0)+(COUNTIF(AZ91:BK91,5)>0)+(COUNTIF(AZ91:BK91,6)>0)+(COUNTIF(AZ91:BK91,7)>0)+(COUNTIF(AZ91:BK91,8)>0)+(COUNTIF(AZ91:BK91,9)>0)+(COUNTIF(AZ91:BK91,10)>0)+(COUNTIF(AZ91:BK91,11)>0)+(COUNTIF(AZ91:BK91,12)>0)+(COUNTIF(AZ91:BK91,13)>0)+(COUNTIF(AZ91:BK91,14)>0)+(COUNTIF(AZ91:BK91,15)>0)+(COUNTIF(AZ91:BK91,16)>0)+(COUNTIF(AZ91:BK91,17)>0)+(COUNTIF(AZ91:BK91,18)>0)+(COUNTIF(AZ91:BK91,19)>0)+(COUNTIF(AZ91:BK91,20)>0) | CB91: =IF(ISNUMBER(MATCH($B91,AZ91:BK91,0)),1,0) | CC91: =IF(CB91=1,0,CC90+1)
A92: 2026-09-30 10:00 | B92: 8 | C92: 4 | D92: 17 | E92: 13 | F92: 4 | G92: 18 | H92: 19 | I92: 11 | J92: 13 | K92: 20 | L92: 9 | M92: 11 | N92: 18 | O92: 13 | P92: 2 | Q92: 3 | R92: 20 | S92: 4 | T92: 8 | U92: 15 | V92: 4 | W92: 17 | X92: 13 | Y92: 18 | Z92: 19 | AA92: 11 | AB92: 20 | AC92: 9 | AD92: 2 | AE92: 4 | AF92: 17 | AG92: 13 | AH92: 18 | AI92: 19 | AJ92: 11 | AK92: 20 | AL92: 9 | AM92: 2 | AN92: 3 | AO92: 4 | AP92: 17 | AQ92: 13 | AR92: 18 | AS92: 19 | AT92: 11 | AU92: 20 | AV92: 9 | AW92: 2 | AX92: 3 | AY92: 8 | AZ92: 4 | BA92: 17 | BB92: 13 | BC92: 18 | BD92: 19 | BE92: 11 | BF92: 20 | BG92: 9 | BH92: 2 | BI92: 3 | BJ92: 8 | BK92: 15 | BL92: =(COUNTIF(C92:L92,1)>0)+(COUNTIF(C92:L92,2)>0)+(COUNTIF(C92:L92,3)>0)+(COUNTIF(C92:L92,4)>0)+(COUNTIF(C92:L92,5)>0)+(COUNTIF(C92:L92,6)>0)+(COUNTIF(C92:L92,7)>0)+(COUNTIF(C92:L92,8)>0)+(COUNTIF(C92:L92,9)>0)+(COUNTIF(C92:L92,10)>0)+(COUNTIF(C92:L92,11)>0)+(COUNTIF(C92:L92,12)>0)+(COUNTIF(C92:L92,13)>0)+(COUNTIF(C92:L92,14)>0)+(COUNTIF(C92:L92,15)>0)+(COUNTIF(C92:L92,16)>0)+(COUNTIF(C92:L92,17)>0)+(COUNTIF(C92:L92,18)>0)+(COUNTIF(C92:L92,19)>0)+(COUNTIF(C92:L92,20)>0) | BM92: =IF(ISNUMBER(MATCH($B92,C92:L92,0)),1,0) | BN92: =IF(BM92=1,0,BN91+1) | BO92: =(COUNTIF(M92:U92,1)>0)+(COUNTIF(M92:U92,2)>0)+(COUNTIF(M92:U92,3)>0)+(COUNTIF(M92:U92,4)>0)+(COUNTIF(M92:U92,5)>0)+(COUNTIF(M92:U92,6)>0)+(COUNTIF(M92:U92,7)>0)+(COUNTIF(M92:U92,8)>0)+(COUNTIF(M92:U92,9)>0)+(COUNTIF(M92:U92,10)>0)+(COUNTIF(M92:U92,11)>0)+(COUNTIF(M92:U92,12)>0)+(COUNTIF(M92:U92,13)>0)+(COUNTIF(M92:U92,14)>0)+(COUNTIF(M92:U92,15)>0)+(COUNTIF(M92:U92,16)>0)+(COUNTIF(M92:U92,17)>0)+(COUNTIF(M92:U92,18)>0)+(COUNTIF(M92:U92,19)>0)+(COUNTIF(M92:U92,20)>0) | BP92: =IF(ISNUMBER(MATCH($B92,M92:U92,0)),1,0) | BQ92: =IF(BP92=1,0,BQ91+1) | BR92: =(COUNTIF(V92:AD92,1)>0)+(COUNTIF(V92:AD92,2)>0)+(COUNTIF(V92:AD92,3)>0)+(COUNTIF(V92:AD92,4)>0)+(COUNTIF(V92:AD92,5)>0)+(COUNTIF(V92:AD92,6)>0)+(COUNTIF(V92:AD92,7)>0)+(COUNTIF(V92:AD92,8)>0)+(COUNTIF(V92:AD92,9)>0)+(COUNTIF(V92:AD92,10)>0)+(COUNTIF(V92:AD92,11)>0)+(COUNTIF(V92:AD92,12)>0)+(COUNTIF(V92:AD92,13)>0)+(COUNTIF(V92:AD92,14)>0)+(COUNTIF(V92:AD92,15)>0)+(COUNTIF(V92:AD92,16)>0)+(COUNTIF(V92:AD92,17)>0)+(COUNTIF(V92:AD92,18)>0)+(COUNTIF(V92:AD92,19)>0)+(COUNTIF(V92:AD92,20)>0) | BS92: =IF(ISNUMBER(MATCH($B92,V92:AD92,0)),1,0) | BT92: =IF(BS92=1,0,BT91+1) | BU92: =(COUNTIF(AE92:AN92,1)>0)+(COUNTIF(AE92:AN92,2)>0)+(COUNTIF(AE92:AN92,3)>0)+(COUNTIF(AE92:AN92,4)>0)+(COUNTIF(AE92:AN92,5)>0)+(COUNTIF(AE92:AN92,6)>0)+(COUNTIF(AE92:AN92,7)>0)+(COUNTIF(AE92:AN92,8)>0)+(COUNTIF(AE92:AN92,9)>0)+(COUNTIF(AE92:AN92,10)>0)+(COUNTIF(AE92:AN92,11)>0)+(COUNTIF(AE92:AN92,12)>0)+(COUNTIF(AE92:AN92,13)>0)+(COUNTIF(AE92:AN92,14)>0)+(COUNTIF(AE92:AN92,15)>0)+(COUNTIF(AE92:AN92,16)>0)+(COUNTIF(AE92:AN92,17)>0)+(COUNTIF(AE92:AN92,18)>0)+(COUNTIF(AE92:AN92,19)>0)+(COUNTIF(AE92:AN92,20)>0) | BV92: =IF(ISNUMBER(MATCH($B92,AE92:AN92,0)),1,0) | BW92: =IF(BV92=1,0,BW91+1) | BX92: =(COUNTIF(AO92:AY92,1)>0)+(COUNTIF(AO92:AY92,2)>0)+(COUNTIF(AO92:AY92,3)>0)+(COUNTIF(AO92:AY92,4)>0)+(COUNTIF(AO92:AY92,5)>0)+(COUNTIF(AO92:AY92,6)>0)+(COUNTIF(AO92:AY92,7)>0)+(COUNTIF(AO92:AY92,8)>0)+(COUNTIF(AO92:AY92,9)>0)+(COUNTIF(AO92:AY92,10)>0)+(COUNTIF(AO92:AY92,11)>0)+(COUNTIF(AO92:AY92,12)>0)+(COUNTIF(AO92:AY92,13)>0)+(COUNTIF(AO92:AY92,14)>0)+(COUNTIF(AO92:AY92,15)>0)+(COUNTIF(AO92:AY92,16)>0)+(COUNTIF(AO92:AY92,17)>0)+(COUNTIF(AO92:AY92,18)>0)+(COUNTIF(AO92:AY92,19)>0)+(COUNTIF(AO92:AY92,20)>0) | BY92: =IF(ISNUMBER(MATCH($B92,AO92:AY92,0)),1,0) | BZ92: =IF(BY92=1,0,BZ91+1) | CA92: =(COUNTIF(AZ92:BK92,1)>0)+(COUNTIF(AZ92:BK92,2)>0)+(COUNTIF(AZ92:BK92,3)>0)+(COUNTIF(AZ92:BK92,4)>0)+(COUNTIF(AZ92:BK92,5)>0)+(COUNTIF(AZ92:BK92,6)>0)+(COUNTIF(AZ92:BK92,7)>0)+(COUNTIF(AZ92:BK92,8)>0)+(COUNTIF(AZ92:BK92,9)>0)+(COUNTIF(AZ92:BK92,10)>0)+(COUNTIF(AZ92:BK92,11)>0)+(COUNTIF(AZ92:BK92,12)>0)+(COUNTIF(AZ92:BK92,13)>0)+(COUNTIF(AZ92:BK92,14)>0)+(COUNTIF(AZ92:BK92,15)>0)+(COUNTIF(AZ92:BK92,16)>0)+(COUNTIF(AZ92:BK92,17)>0)+(COUNTIF(AZ92:BK92,18)>0)+(COUNTIF(AZ92:BK92,19)>0)+(COUNTIF(AZ92:BK92,20)>0) | CB92: =IF(ISNUMBER(MATCH($B92,AZ92:BK92,0)),1,0) | CC92: =IF(CB92=1,0,CC91+1)
A93: 2026-09-30 11:00 | B93: 4 | C93: 6 | D93: 9 | E93: 8 | F93: 3 | G93: 15 | H93: 6 | I93: 20 | J93: 17 | K93: 16 | L93: 11 | M93: 6 | N93: 13 | O93: 3 | P93: 20 | Q93: 14 | R93: 18 | S93: 16 | T93: 15 | U93: 10 | V93: 6 | W93: 9 | X93: 8 | Y93: 3 | Z93: 15 | AA93: 20 | AB93: 17 | AC93: 16 | AD93: 11 | AE93: 6 | AF93: 9 | AG93: 8 | AH93: 3 | AI93: 15 | AJ93: 20 | AK93: 17 | AL93: 16 | AM93: 11 | AN93: 13 | AO93: 6 | AP93: 9 | AQ93: 8 | AR93: 3 | AS93: 15 | AT93: 20 | AU93: 17 | AV93: 16 | AW93: 11 | AX93: 13 | AY93: 14 | AZ93: 6 | BA93: 9 | BB93: 8 | BC93: 3 | BD93: 15 | BE93: 20 | BF93: 17 | BG93: 16 | BH93: 11 | BI93: 13 | BJ93: 14 | BK93: 18 | BL93: =(COUNTIF(C93:L93,1)>0)+(COUNTIF(C93:L93,2)>0)+(COUNTIF(C93:L93,3)>0)+(COUNTIF(C93:L93,4)>0)+(COUNTIF(C93:L93,5)>0)+(COUNTIF(C93:L93,6)>0)+(COUNTIF(C93:L93,7)>0)+(COUNTIF(C93:L93,8)>0)+(COUNTIF(C93:L93,9)>0)+(COUNTIF(C93:L93,10)>0)+(COUNTIF(C93:L93,11)>0)+(COUNTIF(C93:L93,12)>0)+(COUNTIF(C93:L93,13)>0)+(COUNTIF(C93:L93,14)>0)+(COUNTIF(C93:L93,15)>0)+(COUNTIF(C93:L93,16)>0)+(COUNTIF(C93:L93,17)>0)+(COUNTIF(C93:L93,18)>0)+(COUNTIF(C93:L93,19)>0)+(COUNTIF(C93:L93,20)>0) | BM93: =IF(ISNUMBER(MATCH($B93,C93:L93,0)),1,0) | BN93: =IF(BM93=1,0,BN92+1) | BO93: =(COUNTIF(M93:U93,1)>0)+(COUNTIF(M93:U93,2)>0)+(COUNTIF(M93:U93,3)>0)+(COUNTIF(M93:U93,4)>0)+(COUNTIF(M93:U93,5)>0)+(COUNTIF(M93:U93,6)>0)+(COUNTIF(M93:U93,7)>0)+(COUNTIF(M93:U93,8)>0)+(COUNTIF(M93:U93,9)>0)+(COUNTIF(M93:U93,10)>0)+(COUNTIF(M93:U93,11)>0)+(COUNTIF(M93:U93,12)>0)+(COUNTIF(M93:U93,13)>0)+(COUNTIF(M93:U93,14)>0)+(COUNTIF(M93:U93,15)>0)+(COUNTIF(M93:U93,16)>0)+(COUNTIF(M93:U93,17)>0)+(COUNTIF(M93:U93,18)>0)+(COUNTIF(M93:U93,19)>0)+(COUNTIF(M93:U93,20)>0) | BP93: =IF(ISNUMBER(MATCH($B93,M93:U93,0)),1,0) | BQ93: =IF(BP93=1,0,BQ92+1) | BR93: =(COUNTIF(V93:AD93,1)>0)+(COUNTIF(V93:AD93,2)>0)+(COUNTIF(V93:AD93,3)>0)+(COUNTIF(V93:AD93,4)>0)+(COUNTIF(V93:AD93,5)>0)+(COUNTIF(V93:AD93,6)>0)+(COUNTIF(V93:AD93,7)>0)+(COUNTIF(V93:AD93,8)>0)+(COUNTIF(V93:AD93,9)>0)+(COUNTIF(V93:AD93,10)>0)+(COUNTIF(V93:AD93,11)>0)+(COUNTIF(V93:AD93,12)>0)+(COUNTIF(V93:AD93,13)>0)+(COUNTIF(V93:AD93,14)>0)+(COUNTIF(V93:AD93,15)>0)+(COUNTIF(V93:AD93,16)>0)+(COUNTIF(V93:AD93,17)>0)+(COUNTIF(V93:AD93,18)>0)+(COUNTIF(V93:AD93,19)>0)+(COUNTIF(V93:AD93,20)>0) | BS93: =IF(ISNUMBER(MATCH($B93,V93:AD93,0)),1,0) | BT93: =IF(BS93=1,0,BT92+1) | BU93: =(COUNTIF(AE93:AN93,1)>0)+(COUNTIF(AE93:AN93,2)>0)+(COUNTIF(AE93:AN93,3)>0)+(COUNTIF(AE93:AN93,4)>0)+(COUNTIF(AE93:AN93,5)>0)+(COUNTIF(AE93:AN93,6)>0)+(COUNTIF(AE93:AN93,7)>0)+(COUNTIF(AE93:AN93,8)>0)+(COUNTIF(AE93:AN93,9)>0)+(COUNTIF(AE93:AN93,10)>0)+(COUNTIF(AE93:AN93,11)>0)+(COUNTIF(AE93:AN93,12)>0)+(COUNTIF(AE93:AN93,13)>0)+(COUNTIF(AE93:AN93,14)>0)+(COUNTIF(AE93:AN93,15)>0)+(COUNTIF(AE93:AN93,16)>0)+(COUNTIF(AE93:AN93,17)>0)+(COUNTIF(AE93:AN93,18)>0)+(COUNTIF(AE93:AN93,19)>0)+(COUNTIF(AE93:AN93,20)>0) | BV93: =IF(ISNUMBER(MATCH($B93,AE93:AN93,0)),1,0) | BW93: =IF(BV93=1,0,BW92+1) | BX93: =(COUNTIF(AO93:AY93,1)>0)+(COUNTIF(AO93:AY93,2)>0)+(COUNTIF(AO93:AY93,3)>0)+(COUNTIF(AO93:AY93,4)>0)+(COUNTIF(AO93:AY93,5)>0)+(COUNTIF(AO93:AY93,6)>0)+(COUNTIF(AO93:AY93,7)>0)+(COUNTIF(AO93:AY93,8)>0)+(COUNTIF(AO93:AY93,9)>0)+(COUNTIF(AO93:AY93,10)>0)+(COUNTIF(AO93:AY93,11)>0)+(COUNTIF(AO93:AY93,12)>0)+(COUNTIF(AO93:AY93,13)>0)+(COUNTIF(AO93:AY93,14)>0)+(COUNTIF(AO93:AY93,15)>0)+(COUNTIF(AO93:AY93,16)>0)+(COUNTIF(AO93:AY93,17)>0)+(COUNTIF(AO93:AY93,18)>0)+(COUNTIF(AO93:AY93,19)>0)+(COUNTIF(AO93:AY93,20)>0) | BY93: =IF(ISNUMBER(MATCH($B93,AO93:AY93,0)),1,0) | BZ93: =IF(BY93=1,0,BZ92+1) | CA93: =(COUNTIF(AZ93:BK93,1)>0)+(COUNTIF(AZ93:BK93,2)>0)+(COUNTIF(AZ93:BK93,3)>0)+(COUNTIF(AZ93:BK93,4)>0)+(COUNTIF(AZ93:BK93,5)>0)+(COUNTIF(AZ93:BK93,6)>0)+(COUNTIF(AZ93:BK93,7)>0)+(COUNTIF(AZ93:BK93,8)>0)+(COUNTIF(AZ93:BK93,9)>0)+(COUNTIF(AZ93:BK93,10)>0)+(COUNTIF(AZ93:BK93,11)>0)+(COUNTIF(AZ93:BK93,12)>0)+(COUNTIF(AZ93:BK93,13)>0)+(COUNTIF(AZ93:BK93,14)>0)+(COUNTIF(AZ93:BK93,15)>0)+(COUNTIF(AZ93:BK93,16)>0)+(COUNTIF(AZ93:BK93,17)>0)+(COUNTIF(AZ93:BK93,18)>0)+(COUNTIF(AZ93:BK93,19)>0)+(COUNTIF(AZ93:BK93,20)>0) | CB93: =IF(ISNUMBER(MATCH($B93,AZ93:BK93,0)),1,0) | CC93: =IF(CB93=1,0,CC92+1)
A94: 2026-09-30 12:00 | B94: 2 | C94: 1 | D94: 8 | E94: 3 | F94: 17 | G94: 13 | H94: 9 | I94: 5 | J94: 8 | K94: 4 | L94: 15 | M94: 9 | N94: 13 | O94: 2 | P94: 17 | Q94: 8 | R94: 19 | S94: 14 | T94: 3 | U94: 15 | V94: 1 | W94: 8 | X94: 3 | Y94: 17 | Z94: 13 | AA94: 9 | AB94: 5 | AC94: 4 | AD94: 15 | AE94: 1 | AF94: 8 | AG94: 3 | AH94: 17 | AI94: 13 | AJ94: 9 | AK94: 5 | AL94: 4 | AM94: 15 | AN94: 2 | AO94: 1 | AP94: 8 | AQ94: 3 | AR94: 17 | AS94: 13 | AT94: 9 | AU94: 5 | AV94: 4 | AW94: 15 | AX94: 2 | AY94: 19 | AZ94: 1 | BA94: 8 | BB94: 3 | BC94: 17 | BD94: 13 | BE94: 9 | BF94: 5 | BG94: 4 | BH94: 15 | BI94: 2 | BJ94: 19 | BK94: 14 | BL94: =(COUNTIF(C94:L94,1)>0)+(COUNTIF(C94:L94,2)>0)+(COUNTIF(C94:L94,3)>0)+(COUNTIF(C94:L94,4)>0)+(COUNTIF(C94:L94,5)>0)+(COUNTIF(C94:L94,6)>0)+(COUNTIF(C94:L94,7)>0)+(COUNTIF(C94:L94,8)>0)+(COUNTIF(C94:L94,9)>0)+(COUNTIF(C94:L94,10)>0)+(COUNTIF(C94:L94,11)>0)+(COUNTIF(C94:L94,12)>0)+(COUNTIF(C94:L94,13)>0)+(COUNTIF(C94:L94,14)>0)+(COUNTIF(C94:L94,15)>0)+(COUNTIF(C94:L94,16)>0)+(COUNTIF(C94:L94,17)>0)+(COUNTIF(C94:L94,18)>0)+(COUNTIF(C94:L94,19)>0)+(COUNTIF(C94:L94,20)>0) | BM94: =IF(ISNUMBER(MATCH($B94,C94:L94,0)),1,0) | BN94: =IF(BM94=1,0,BN93+1) | BO94: =(COUNTIF(M94:U94,1)>0)+(COUNTIF(M94:U94,2)>0)+(COUNTIF(M94:U94,3)>0)+(COUNTIF(M94:U94,4)>0)+(COUNTIF(M94:U94,5)>0)+(COUNTIF(M94:U94,6)>0)+(COUNTIF(M94:U94,7)>0)+(COUNTIF(M94:U94,8)>0)+(COUNTIF(M94:U94,9)>0)+(COUNTIF(M94:U94,10)>0)+(COUNTIF(M94:U94,11)>0)+(COUNTIF(M94:U94,12)>0)+(COUNTIF(M94:U94,13)>0)+(COUNTIF(M94:U94,14)>0)+(COUNTIF(M94:U94,15)>0)+(COUNTIF(M94:U94,16)>0)+(COUNTIF(M94:U94,17)>0)+(COUNTIF(M94:U94,18)>0)+(COUNTIF(M94:U94,19)>0)+(COUNTIF(M94:U94,20)>0) | BP94: =IF(ISNUMBER(MATCH($B94,M94:U94,0)),1,0) | BQ94: =IF(BP94=1,0,BQ93+1) | BR94: =(COUNTIF(V94:AD94,1)>0)+(COUNTIF(V94:AD94,2)>0)+(COUNTIF(V94:AD94,3)>0)+(COUNTIF(V94:AD94,4)>0)+(COUNTIF(V94:AD94,5)>0)+(COUNTIF(V94:AD94,6)>0)+(COUNTIF(V94:AD94,7)>0)+(COUNTIF(V94:AD94,8)>0)+(COUNTIF(V94:AD94,9)>0)+(COUNTIF(V94:AD94,10)>0)+(COUNTIF(V94:AD94,11)>0)+(COUNTIF(V94:AD94,12)>0)+(COUNTIF(V94:AD94,13)>0)+(COUNTIF(V94:AD94,14)>0)+(COUNTIF(V94:AD94,15)>0)+(COUNTIF(V94:AD94,16)>0)+(COUNTIF(V94:AD94,17)>0)+(COUNTIF(V94:AD94,18)>0)+(COUNTIF(V94:AD94,19)>0)+(COUNTIF(V94:AD94,20)>0) | BS94: =IF(ISNUMBER(MATCH($B94,V94:AD94,0)),1,0) | BT94: =IF(BS94=1,0,BT93+1) | BU94: =(COUNTIF(AE94:AN94,1)>0)+(COUNTIF(AE94:AN94,2)>0)+(COUNTIF(AE94:AN94,3)>0)+(COUNTIF(AE94:AN94,4)>0)+(COUNTIF(AE94:AN94,5)>0)+(COUNTIF(AE94:AN94,6)>0)+(COUNTIF(AE94:AN94,7)>0)+(COUNTIF(AE94:AN94,8)>0)+(COUNTIF(AE94:AN94,9)>0)+(COUNTIF(AE94:AN94,10)>0)+(COUNTIF(AE94:AN94,11)>0)+(COUNTIF(AE94:AN94,12)>0)+(COUNTIF(AE94:AN94,13)>0)+(COUNTIF(AE94:AN94,14)>0)+(COUNTIF(AE94:AN94,15)>0)+(COUNTIF(AE94:AN94,16)>0)+(COUNTIF(AE94:AN94,17)>0)+(COUNTIF(AE94:AN94,18)>0)+(COUNTIF(AE94:AN94,19)>0)+(COUNTIF(AE94:AN94,20)>0) | BV94: =IF(ISNUMBER(MATCH($B94,AE94:AN94,0)),1,0) | BW94: =IF(BV94=1,0,BW93+1) | BX94: =(COUNTIF(AO94:AY94,1)>0)+(COUNTIF(AO94:AY94,2)>0)+(COUNTIF(AO94:AY94,3)>0)+(COUNTIF(AO94:AY94,4)>0)+(COUNTIF(AO94:AY94,5)>0)+(COUNTIF(AO94:AY94,6)>0)+(COUNTIF(AO94:AY94,7)>0)+(COUNTIF(AO94:AY94,8)>0)+(COUNTIF(AO94:AY94,9)>0)+(COUNTIF(AO94:AY94,10)>0)+(COUNTIF(AO94:AY94,11)>0)+(COUNTIF(AO94:AY94,12)>0)+(COUNTIF(AO94:AY94,13)>0)+(COUNTIF(AO94:AY94,14)>0)+(COUNTIF(AO94:AY94,15)>0)+(COUNTIF(AO94:AY94,16)>0)+(COUNTIF(AO94:AY94,17)>0)+(COUNTIF(AO94:AY94,18)>0)+(COUNTIF(AO94:AY94,19)>0)+(COUNTIF(AO94:AY94,20)>0) | BY94: =IF(ISNUMBER(MATCH($B94,AO94:AY94,0)),1,0) | BZ94: =IF(BY94=1,0,BZ93+1) | CA94: =(COUNTIF(AZ94:BK94,1)>0)+(COUNTIF(AZ94:BK94,2)>0)+(COUNTIF(AZ94:BK94,3)>0)+(COUNTIF(AZ94:BK94,4)>0)+(COUNTIF(AZ94:BK94,5)>0)+(COUNTIF(AZ94:BK94,6)>0)+(COUNTIF(AZ94:BK94,7)>0)+(COUNTIF(AZ94:BK94,8)>0)+(COUNTIF(AZ94:BK94,9)>0)+(COUNTIF(AZ94:BK94,10)>0)+(COUNTIF(AZ94:BK94,11)>0)+(COUNTIF(AZ94:BK94,12)>0)+(COUNTIF(AZ94:BK94,13)>0)+(COUNTIF(AZ94:BK94,14)>0)+(COUNTIF(AZ94:BK94,15)>0)+(COUNTIF(AZ94:BK94,16)>0)+(COUNTIF(AZ94:BK94,17)>0)+(COUNTIF(AZ94:BK94,18)>0)+(COUNTIF(AZ94:BK94,19)>0)+(COUNTIF(AZ94:BK94,20)>0) | CB94: =IF(ISNUMBER(MATCH($B94,AZ94:BK94,0)),1,0) | CC94: =IF(CB94=1,0,CC93+1)
A95: 2026-09-30 13:00 | B95: 11 | C95: 3 | D95: 19 | E95: 19 | F95: 9 | G95: 3 | H95: 13 | I95: 3 | J95: 15 | K95: 8 | L95: 7 | M95: 3 | N95: 13 | O95: 9 | P95: 2 | Q95: 16 | R95: 14 | S95: 5 | T95: 20 | U95: 17 | V95: 3 | W95: 19 | X95: 9 | Y95: 13 | Z95: 15 | AA95: 8 | AB95: 7 | AC95: 2 | AD95: 16 | AE95: 3 | AF95: 19 | AG95: 9 | AH95: 13 | AI95: 15 | AJ95: 8 | AK95: 7 | AL95: 2 | AM95: 16 | AN95: 14 | AO95: 3 | AP95: 19 | AQ95: 9 | AR95: 13 | AS95: 15 | AT95: 8 | AU95: 7 | AV95: 2 | AW95: 16 | AX95: 14 | AY95: 5 | AZ95: 3 | BA95: 19 | BB95: 9 | BC95: 13 | BD95: 15 | BE95: 8 | BF95: 7 | BG95: 2 | BH95: 16 | BI95: 14 | BJ95: 5 | BK95: 20 | BL95: =(COUNTIF(C95:L95,1)>0)+(COUNTIF(C95:L95,2)>0)+(COUNTIF(C95:L95,3)>0)+(COUNTIF(C95:L95,4)>0)+(COUNTIF(C95:L95,5)>0)+(COUNTIF(C95:L95,6)>0)+(COUNTIF(C95:L95,7)>0)+(COUNTIF(C95:L95,8)>0)+(COUNTIF(C95:L95,9)>0)+(COUNTIF(C95:L95,10)>0)+(COUNTIF(C95:L95,11)>0)+(COUNTIF(C95:L95,12)>0)+(COUNTIF(C95:L95,13)>0)+(COUNTIF(C95:L95,14)>0)+(COUNTIF(C95:L95,15)>0)+(COUNTIF(C95:L95,16)>0)+(COUNTIF(C95:L95,17)>0)+(COUNTIF(C95:L95,18)>0)+(COUNTIF(C95:L95,19)>0)+(COUNTIF(C95:L95,20)>0) | BM95: =IF(ISNUMBER(MATCH($B95,C95:L95,0)),1,0) | BN95: =IF(BM95=1,0,BN94+1) | BO95: =(COUNTIF(M95:U95,1)>0)+(COUNTIF(M95:U95,2)>0)+(COUNTIF(M95:U95,3)>0)+(COUNTIF(M95:U95,4)>0)+(COUNTIF(M95:U95,5)>0)+(COUNTIF(M95:U95,6)>0)+(COUNTIF(M95:U95,7)>0)+(COUNTIF(M95:U95,8)>0)+(COUNTIF(M95:U95,9)>0)+(COUNTIF(M95:U95,10)>0)+(COUNTIF(M95:U95,11)>0)+(COUNTIF(M95:U95,12)>0)+(COUNTIF(M95:U95,13)>0)+(COUNTIF(M95:U95,14)>0)+(COUNTIF(M95:U95,15)>0)+(COUNTIF(M95:U95,16)>0)+(COUNTIF(M95:U95,17)>0)+(COUNTIF(M95:U95,18)>0)+(COUNTIF(M95:U95,19)>0)+(COUNTIF(M95:U95,20)>0) | BP95: =IF(ISNUMBER(MATCH($B95,M95:U95,0)),1,0) | BQ95: =IF(BP95=1,0,BQ94+1) | BR95: =(COUNTIF(V95:AD95,1)>0)+(COUNTIF(V95:AD95,2)>0)+(COUNTIF(V95:AD95,3)>0)+(COUNTIF(V95:AD95,4)>0)+(COUNTIF(V95:AD95,5)>0)+(COUNTIF(V95:AD95,6)>0)+(COUNTIF(V95:AD95,7)>0)+(COUNTIF(V95:AD95,8)>0)+(COUNTIF(V95:AD95,9)>0)+(COUNTIF(V95:AD95,10)>0)+(COUNTIF(V95:AD95,11)>0)+(COUNTIF(V95:AD95,12)>0)+(COUNTIF(V95:AD95,13)>0)+(COUNTIF(V95:AD95,14)>0)+(COUNTIF(V95:AD95,15)>0)+(COUNTIF(V95:AD95,16)>0)+(COUNTIF(V95:AD95,17)>0)+(COUNTIF(V95:AD95,18)>0)+(COUNTIF(V95:AD95,19)>0)+(COUNTIF(V95:AD95,20)>0) | BS95: =IF(ISNUMBER(MATCH($B95,V95:AD95,0)),1,0) | BT95: =IF(BS95=1,0,BT94+1) | BU95: =(COUNTIF(AE95:AN95,1)>0)+(COUNTIF(AE95:AN95,2)>0)+(COUNTIF(AE95:AN95,3)>0)+(COUNTIF(AE95:AN95,4)>0)+(COUNTIF(AE95:AN95,5)>0)+(COUNTIF(AE95:AN95,6)>0)+(COUNTIF(AE95:AN95,7)>0)+(COUNTIF(AE95:AN95,8)>0)+(COUNTIF(AE95:AN95,9)>0)+(COUNTIF(AE95:AN95,10)>0)+(COUNTIF(AE95:AN95,11)>0)+(COUNTIF(AE95:AN95,12)>0)+(COUNTIF(AE95:AN95,13)>0)+(COUNTIF(AE95:AN95,14)>0)+(COUNTIF(AE95:AN95,15)>0)+(COUNTIF(AE95:AN95,16)>0)+(COUNTIF(AE95:AN95,17)>0)+(COUNTIF(AE95:AN95,18)>0)+(COUNTIF(AE95:AN95,19)>0)+(COUNTIF(AE95:AN95,20)>0) | BV95: =IF(ISNUMBER(MATCH($B95,AE95:AN95,0)),1,0) | BW95: =IF(BV95=1,0,BW94+1) | BX95: =(COUNTIF(AO95:AY95,1)>0)+(COUNTIF(AO95:AY95,2)>0)+(COUNTIF(AO95:AY95,3)>0)+(COUNTIF(AO95:AY95,4)>0)+(COUNTIF(AO95:AY95,5)>0)+(COUNTIF(AO95:AY95,6)>0)+(COUNTIF(AO95:AY95,7)>0)+(COUNTIF(AO95:AY95,8)>0)+(COUNTIF(AO95:AY95,9)>0)+(COUNTIF(AO95:AY95,10)>0)+(COUNTIF(AO95:AY95,11)>0)+(COUNTIF(AO95:AY95,12)>0)+(COUNTIF(AO95:AY95,13)>0)+(COUNTIF(AO95:AY95,14)>0)+(COUNTIF(AO95:AY95,15)>0)+(COUNTIF(AO95:AY95,16)>0)+(COUNTIF(AO95:AY95,17)>0)+(COUNTIF(AO95:AY95,18)>0)+(COUNTIF(AO95:AY95,19)>0)+(COUNTIF(AO95:AY95,20)>0) | BY95: =IF(ISNUMBER(MATCH($B95,AO95:AY95,0)),1,0) | BZ95: =IF(BY95=1,0,BZ94+1) | CA95: =(COUNTIF(AZ95:BK95,1)>0)+(COUNTIF(AZ95:BK95,2)>0)+(COUNTIF(AZ95:BK95,3)>0)+(COUNTIF(AZ95:BK95,4)>0)+(COUNTIF(AZ95:BK95,5)>0)+(COUNTIF(AZ95:BK95,6)>0)+(COUNTIF(AZ95:BK95,7)>0)+(COUNTIF(AZ95:BK95,8)>0)+(COUNTIF(AZ95:BK95,9)>0)+(COUNTIF(AZ95:BK95,10)>0)+(COUNTIF(AZ95:BK95,11)>0)+(COUNTIF(AZ95:BK95,12)>0)+(COUNTIF(AZ95:BK95,13)>0)+(COUNTIF(AZ95:BK95,14)>0)+(COUNTIF(AZ95:BK95,15)>0)+(COUNTIF(AZ95:BK95,16)>0)+(COUNTIF(AZ95:BK95,17)>0)+(COUNTIF(AZ95:BK95,18)>0)+(COUNTIF(AZ95:BK95,19)>0)+(COUNTIF(AZ95:BK95,20)>0) | CB95: =IF(ISNUMBER(MATCH($B95,AZ95:BK95,0)),1,0) | CC95: =IF(CB95=1,0,CC94+1)
A96: 2026-09-30 14:00 | B96: 9 | C96: 2 | D96: 16 | E96: 12 | F96: 16 | G96: 15 | H96: 20 | I96: 5 | J96: 8 | K96: 1 | L96: 14 | M96: 15 | N96: 11 | O96: 17 | P96: 8 | Q96: 13 | R96: 18 | S96: 2 | T96: 3 | U96: 6 | V96: 2 | W96: 16 | X96: 12 | Y96: 15 | Z96: 20 | AA96: 5 | AB96: 8 | AC96: 1 | AD96: 14 | AE96: 2 | AF96: 16 | AG96: 12 | AH96: 15 | AI96: 20 | AJ96: 5 | AK96: 8 | AL96: 1 | AM96: 14 | AN96: 11 | AO96: 2 | AP96: 16 | AQ96: 12 | AR96: 15 | AS96: 20 | AT96: 5 | AU96: 8 | AV96: 1 | AW96: 14 | AX96: 11 | AY96: 17 | AZ96: 2 | BA96: 16 | BB96: 12 | BC96: 15 | BD96: 20 | BE96: 5 | BF96: 8 | BG96: 1 | BH96: 14 | BI96: 11 | BJ96: 17 | BK96: 13 | BL96: =(COUNTIF(C96:L96,1)>0)+(COUNTIF(C96:L96,2)>0)+(COUNTIF(C96:L96,3)>0)+(COUNTIF(C96:L96,4)>0)+(COUNTIF(C96:L96,5)>0)+(COUNTIF(C96:L96,6)>0)+(COUNTIF(C96:L96,7)>0)+(COUNTIF(C96:L96,8)>0)+(COUNTIF(C96:L96,9)>0)+(COUNTIF(C96:L96,10)>0)+(COUNTIF(C96:L96,11)>0)+(COUNTIF(C96:L96,12)>0)+(COUNTIF(C96:L96,13)>0)+(COUNTIF(C96:L96,14)>0)+(COUNTIF(C96:L96,15)>0)+(COUNTIF(C96:L96,16)>0)+(COUNTIF(C96:L96,17)>0)+(COUNTIF(C96:L96,18)>0)+(COUNTIF(C96:L96,19)>0)+(COUNTIF(C96:L96,20)>0) | BM96: =IF(ISNUMBER(MATCH($B96,C96:L96,0)),1,0) | BN96: =IF(BM96=1,0,BN95+1) | BO96: =(COUNTIF(M96:U96,1)>0)+(COUNTIF(M96:U96,2)>0)+(COUNTIF(M96:U96,3)>0)+(COUNTIF(M96:U96,4)>0)+(COUNTIF(M96:U96,5)>0)+(COUNTIF(M96:U96,6)>0)+(COUNTIF(M96:U96,7)>0)+(COUNTIF(M96:U96,8)>0)+(COUNTIF(M96:U96,9)>0)+(COUNTIF(M96:U96,10)>0)+(COUNTIF(M96:U96,11)>0)+(COUNTIF(M96:U96,12)>0)+(COUNTIF(M96:U96,13)>0)+(COUNTIF(M96:U96,14)>0)+(COUNTIF(M96:U96,15)>0)+(COUNTIF(M96:U96,16)>0)+(COUNTIF(M96:U96,17)>0)+(COUNTIF(M96:U96,18)>0)+(COUNTIF(M96:U96,19)>0)+(COUNTIF(M96:U96,20)>0) | BP96: =IF(ISNUMBER(MATCH($B96,M96:U96,0)),1,0) | BQ96: =IF(BP96=1,0,BQ95+1) | BR96: =(COUNTIF(V96:AD96,1)>0)+(COUNTIF(V96:AD96,2)>0)+(COUNTIF(V96:AD96,3)>0)+(COUNTIF(V96:AD96,4)>0)+(COUNTIF(V96:AD96,5)>0)+(COUNTIF(V96:AD96,6)>0)+(COUNTIF(V96:AD96,7)>0)+(COUNTIF(V96:AD96,8)>0)+(COUNTIF(V96:AD96,9)>0)+(COUNTIF(V96:AD96,10)>0)+(COUNTIF(V96:AD96,11)>0)+(COUNTIF(V96:AD96,12)>0)+(COUNTIF(V96:AD96,13)>0)+(COUNTIF(V96:AD96,14)>0)+(COUNTIF(V96:AD96,15)>0)+(COUNTIF(V96:AD96,16)>0)+(COUNTIF(V96:AD96,17)>0)+(COUNTIF(V96:AD96,18)>0)+(COUNTIF(V96:AD96,19)>0)+(COUNTIF(V96:AD96,20)>0) | BS96: =IF(ISNUMBER(MATCH($B96,V96:AD96,0)),1,0) | BT96: =IF(BS96=1,0,BT95+1) | BU96: =(COUNTIF(AE96:AN96,1)>0)+(COUNTIF(AE96:AN96,2)>0)+(COUNTIF(AE96:AN96,3)>0)+(COUNTIF(AE96:AN96,4)>0)+(COUNTIF(AE96:AN96,5)>0)+(COUNTIF(AE96:AN96,6)>0)+(COUNTIF(AE96:AN96,7)>0)+(COUNTIF(AE96:AN96,8)>0)+(COUNTIF(AE96:AN96,9)>0)+(COUNTIF(AE96:AN96,10)>0)+(COUNTIF(AE96:AN96,11)>0)+(COUNTIF(AE96:AN96,12)>0)+(COUNTIF(AE96:AN96,13)>0)+(COUNTIF(AE96:AN96,14)>0)+(COUNTIF(AE96:AN96,15)>0)+(COUNTIF(AE96:AN96,16)>0)+(COUNTIF(AE96:AN96,17)>0)+(COUNTIF(AE96:AN96,18)>0)+(COUNTIF(AE96:AN96,19)>0)+(COUNTIF(AE96:AN96,20)>0) | BV96: =IF(ISNUMBER(MATCH($B96,AE96:AN96,0)),1,0) | BW96: =IF(BV96=1,0,BW95+1) | BX96: =(COUNTIF(AO96:AY96,1)>0)+(COUNTIF(AO96:AY96,2)>0)+(COUNTIF(AO96:AY96,3)>0)+(COUNTIF(AO96:AY96,4)>0)+(COUNTIF(AO96:AY96,5)>0)+(COUNTIF(AO96:AY96,6)>0)+(COUNTIF(AO96:AY96,7)>0)+(COUNTIF(AO96:AY96,8)>0)+(COUNTIF(AO96:AY96,9)>0)+(COUNTIF(AO96:AY96,10)>0)+(COUNTIF(AO96:AY96,11)>0)+(COUNTIF(AO96:AY96,12)>0)+(COUNTIF(AO96:AY96,13)>0)+(COUNTIF(AO96:AY96,14)>0)+(COUNTIF(AO96:AY96,15)>0)+(COUNTIF(AO96:AY96,16)>0)+(COUNTIF(AO96:AY96,17)>0)+(COUNTIF(AO96:AY96,18)>0)+(COUNTIF(AO96:AY96,19)>0)+(COUNTIF(AO96:AY96,20)>0) | BY96: =IF(ISNUMBER(MATCH($B96,AO96:AY96,0)),1,0) | BZ96: =IF(BY96=1,0,BZ95+1) | CA96: =(COUNTIF(AZ96:BK96,1)>0)+(COUNTIF(AZ96:BK96,2)>0)+(COUNTIF(AZ96:BK96,3)>0)+(COUNTIF(AZ96:BK96,4)>0)+(COUNTIF(AZ96:BK96,5)>0)+(COUNTIF(AZ96:BK96,6)>0)+(COUNTIF(AZ96:BK96,7)>0)+(COUNTIF(AZ96:BK96,8)>0)+(COUNTIF(AZ96:BK96,9)>0)+(COUNTIF(AZ96:BK96,10)>0)+(COUNTIF(AZ96:BK96,11)>0)+(COUNTIF(AZ96:BK96,12)>0)+(COUNTIF(AZ96:BK96,13)>0)+(COUNTIF(AZ96:BK96,14)>0)+(COUNTIF(AZ96:BK96,15)>0)+(COUNTIF(AZ96:BK96,16)>0)+(COUNTIF(AZ96:BK96,17)>0)+(COUNTIF(AZ96:BK96,18)>0)+(COUNTIF(AZ96:BK96,19)>0)+(COUNTIF(AZ96:BK96,20)>0) | CB96: =IF(ISNUMBER(MATCH($B96,AZ96:BK96,0)),1,0) | CC96: =IF(CB96=1,0,CC95+1)
A97: 2026-09-30 15:00 | B97: 11 | C97: 2 | D97: 11 | E97: 1 | F97: 17 | G97: 18 | H97: 12 | I97: 7 | J97: 20 | K97: 16 | L97: 12 | M97: 18 | N97: 13 | O97: 3 | P97: 15 | Q97: 14 | R97: 7 | S97: 20 | T97: 8 | U97: 19 | V97: 2 | W97: 11 | X97: 1 | Y97: 17 | Z97: 18 | AA97: 12 | AB97: 7 | AC97: 20 | AD97: 16 | AE97: 2 | AF97: 11 | AG97: 1 | AH97: 17 | AI97: 18 | AJ97: 12 | AK97: 7 | AL97: 20 | AM97: 16 | AN97: 13 | AO97: 2 | AP97: 11 | AQ97: 1 | AR97: 17 | AS97: 18 | AT97: 12 | AU97: 7 | AV97: 20 | AW97: 16 | AX97: 13 | AY97: 3 | AZ97: 2 | BA97: 11 | BB97: 1 | BC97: 17 | BD97: 18 | BE97: 12 | BF97: 7 | BG97: 20 | BH97: 16 | BI97: 13 | BJ97: 3 | BK97: 15 | BL97: =(COUNTIF(C97:L97,1)>0)+(COUNTIF(C97:L97,2)>0)+(COUNTIF(C97:L97,3)>0)+(COUNTIF(C97:L97,4)>0)+(COUNTIF(C97:L97,5)>0)+(COUNTIF(C97:L97,6)>0)+(COUNTIF(C97:L97,7)>0)+(COUNTIF(C97:L97,8)>0)+(COUNTIF(C97:L97,9)>0)+(COUNTIF(C97:L97,10)>0)+(COUNTIF(C97:L97,11)>0)+(COUNTIF(C97:L97,12)>0)+(COUNTIF(C97:L97,13)>0)+(COUNTIF(C97:L97,14)>0)+(COUNTIF(C97:L97,15)>0)+(COUNTIF(C97:L97,16)>0)+(COUNTIF(C97:L97,17)>0)+(COUNTIF(C97:L97,18)>0)+(COUNTIF(C97:L97,19)>0)+(COUNTIF(C97:L97,20)>0) | BM97: =IF(ISNUMBER(MATCH($B97,C97:L97,0)),1,0) | BN97: =IF(BM97=1,0,BN96+1) | BO97: =(COUNTIF(M97:U97,1)>0)+(COUNTIF(M97:U97,2)>0)+(COUNTIF(M97:U97,3)>0)+(COUNTIF(M97:U97,4)>0)+(COUNTIF(M97:U97,5)>0)+(COUNTIF(M97:U97,6)>0)+(COUNTIF(M97:U97,7)>0)+(COUNTIF(M97:U97,8)>0)+(COUNTIF(M97:U97,9)>0)+(COUNTIF(M97:U97,10)>0)+(COUNTIF(M97:U97,11)>0)+(COUNTIF(M97:U97,12)>0)+(COUNTIF(M97:U97,13)>0)+(COUNTIF(M97:U97,14)>0)+(COUNTIF(M97:U97,15)>0)+(COUNTIF(M97:U97,16)>0)+(COUNTIF(M97:U97,17)>0)+(COUNTIF(M97:U97,18)>0)+(COUNTIF(M97:U97,19)>0)+(COUNTIF(M97:U97,20)>0) | BP97: =IF(ISNUMBER(MATCH($B97,M97:U97,0)),1,0) | BQ97: =IF(BP97=1,0,BQ96+1) | BR97: =(COUNTIF(V97:AD97,1)>0)+(COUNTIF(V97:AD97,2)>0)+(COUNTIF(V97:AD97,3)>0)+(COUNTIF(V97:AD97,4)>0)+(COUNTIF(V97:AD97,5)>0)+(COUNTIF(V97:AD97,6)>0)+(COUNTIF(V97:AD97,7)>0)+(COUNTIF(V97:AD97,8)>0)+(COUNTIF(V97:AD97,9)>0)+(COUNTIF(V97:AD97,10)>0)+(COUNTIF(V97:AD97,11)>0)+(COUNTIF(V97:AD97,12)>0)+(COUNTIF(V97:AD97,13)>0)+(COUNTIF(V97:AD97,14)>0)+(COUNTIF(V97:AD97,15)>0)+(COUNTIF(V97:AD97,16)>0)+(COUNTIF(V97:AD97,17)>0)+(COUNTIF(V97:AD97,18)>0)+(COUNTIF(V97:AD97,19)>0)+(COUNTIF(V97:AD97,20)>0) | BS97: =IF(ISNUMBER(MATCH($B97,V97:AD97,0)),1,0) | BT97: =IF(BS97=1,0,BT96+1) | BU97: =(COUNTIF(AE97:AN97,1)>0)+(COUNTIF(AE97:AN97,2)>0)+(COUNTIF(AE97:AN97,3)>0)+(COUNTIF(AE97:AN97,4)>0)+(COUNTIF(AE97:AN97,5)>0)+(COUNTIF(AE97:AN97,6)>0)+(COUNTIF(AE97:AN97,7)>0)+(COUNTIF(AE97:AN97,8)>0)+(COUNTIF(AE97:AN97,9)>0)+(COUNTIF(AE97:AN97,10)>0)+(COUNTIF(AE97:AN97,11)>0)+(COUNTIF(AE97:AN97,12)>0)+(COUNTIF(AE97:AN97,13)>0)+(COUNTIF(AE97:AN97,14)>0)+(COUNTIF(AE97:AN97,15)>0)+(COUNTIF(AE97:AN97,16)>0)+(COUNTIF(AE97:AN97,17)>0)+(COUNTIF(AE97:AN97,18)>0)+(COUNTIF(AE97:AN97,19)>0)+(COUNTIF(AE97:AN97,20)>0) | BV97: =IF(ISNUMBER(MATCH($B97,AE97:AN97,0)),1,0) | BW97: =IF(BV97=1,0,BW96+1) | BX97: =(COUNTIF(AO97:AY97,1)>0)+(COUNTIF(AO97:AY97,2)>0)+(COUNTIF(AO97:AY97,3)>0)+(COUNTIF(AO97:AY97,4)>0)+(COUNTIF(AO97:AY97,5)>0)+(COUNTIF(AO97:AY97,6)>0)+(COUNTIF(AO97:AY97,7)>0)+(COUNTIF(AO97:AY97,8)>0)+(COUNTIF(AO97:AY97,9)>0)+(COUNTIF(AO97:AY97,10)>0)+(COUNTIF(AO97:AY97,11)>0)+(COUNTIF(AO97:AY97,12)>0)+(COUNTIF(AO97:AY97,13)>0)+(COUNTIF(AO97:AY97,14)>0)+(COUNTIF(AO97:AY97,15)>0)+(COUNTIF(AO97:AY97,16)>0)+(COUNTIF(AO97:AY97,17)>0)+(COUNTIF(AO97:AY97,18)>0)+(COUNTIF(AO97:AY97,19)>0)+(COUNTIF(AO97:AY97,20)>0) | BY97: =IF(ISNUMBER(MATCH($B97,AO97:AY97,0)),1,0) | BZ97: =IF(BY97=1,0,BZ96+1) | CA97: =(COUNTIF(AZ97:BK97,1)>0)+(COUNTIF(AZ97:BK97,2)>0)+(COUNTIF(AZ97:BK97,3)>0)+(COUNTIF(AZ97:BK97,4)>0)+(COUNTIF(AZ97:BK97,5)>0)+(COUNTIF(AZ97:BK97,6)>0)+(COUNTIF(AZ97:BK97,7)>0)+(COUNTIF(AZ97:BK97,8)>0)+(COUNTIF(AZ97:BK97,9)>0)+(COUNTIF(AZ97:BK97,10)>0)+(COUNTIF(AZ97:BK97,11)>0)+(COUNTIF(AZ97:BK97,12)>0)+(COUNTIF(AZ97:BK97,13)>0)+(COUNTIF(AZ97:BK97,14)>0)+(COUNTIF(AZ97:BK97,15)>0)+(COUNTIF(AZ97:BK97,16)>0)+(COUNTIF(AZ97:BK97,17)>0)+(COUNTIF(AZ97:BK97,18)>0)+(COUNTIF(AZ97:BK97,19)>0)+(COUNTIF(AZ97:BK97,20)>0) | CB97: =IF(ISNUMBER(MATCH($B97,AZ97:BK97,0)),1,0) | CC97: =IF(CB97=1,0,CC96+1)
A98: 2026-09-30 16:00 | B98: 15 | C98: 8 | D98: 12 | E98: 14 | F98: 9 | G98: 11 | H98: 4 | I98: 6 | J98: 5 | K98: 19 | L98: 4 | M98: 11 | N98: 13 | O98: 17 | P98: 18 | Q98: 8 | R98: 3 | S98: 5 | T98: 6 | U98: 16 | V98: 8 | W98: 12 | X98: 14 | Y98: 9 | Z98: 11 | AA98: 4 | AB98: 6 | AC98: 5 | AD98: 19 | AE98: 8 | AF98: 12 | AG98: 14 | AH98: 9 | AI98: 11 | AJ98: 4 | AK98: 6 | AL98: 5 | AM98: 19 | AN98: 13 | AO98: 8 | AP98: 12 | AQ98: 14 | AR98: 9 | AS98: 11 | AT98: 4 | AU98: 6 | AV98: 5 | AW98: 19 | AX98: 13 | AY98: 17 | AZ98: 8 | BA98: 12 | BB98: 14 | BC98: 9 | BD98: 11 | BE98: 4 | BF98: 6 | BG98: 5 | BH98: 19 | BI98: 13 | BJ98: 17 | BK98: 18 | BL98: =(COUNTIF(C98:L98,1)>0)+(COUNTIF(C98:L98,2)>0)+(COUNTIF(C98:L98,3)>0)+(COUNTIF(C98:L98,4)>0)+(COUNTIF(C98:L98,5)>0)+(COUNTIF(C98:L98,6)>0)+(COUNTIF(C98:L98,7)>0)+(COUNTIF(C98:L98,8)>0)+(COUNTIF(C98:L98,9)>0)+(COUNTIF(C98:L98,10)>0)+(COUNTIF(C98:L98,11)>0)+(COUNTIF(C98:L98,12)>0)+(COUNTIF(C98:L98,13)>0)+(COUNTIF(C98:L98,14)>0)+(COUNTIF(C98:L98,15)>0)+(COUNTIF(C98:L98,16)>0)+(COUNTIF(C98:L98,17)>0)+(COUNTIF(C98:L98,18)>0)+(COUNTIF(C98:L98,19)>0)+(COUNTIF(C98:L98,20)>0) | BM98: =IF(ISNUMBER(MATCH($B98,C98:L98,0)),1,0) | BN98: =IF(BM98=1,0,BN97+1) | BO98: =(COUNTIF(M98:U98,1)>0)+(COUNTIF(M98:U98,2)>0)+(COUNTIF(M98:U98,3)>0)+(COUNTIF(M98:U98,4)>0)+(COUNTIF(M98:U98,5)>0)+(COUNTIF(M98:U98,6)>0)+(COUNTIF(M98:U98,7)>0)+(COUNTIF(M98:U98,8)>0)+(COUNTIF(M98:U98,9)>0)+(COUNTIF(M98:U98,10)>0)+(COUNTIF(M98:U98,11)>0)+(COUNTIF(M98:U98,12)>0)+(COUNTIF(M98:U98,13)>0)+(COUNTIF(M98:U98,14)>0)+(COUNTIF(M98:U98,15)>0)+(COUNTIF(M98:U98,16)>0)+(COUNTIF(M98:U98,17)>0)+(COUNTIF(M98:U98,18)>0)+(COUNTIF(M98:U98,19)>0)+(COUNTIF(M98:U98,20)>0) | BP98: =IF(ISNUMBER(MATCH($B98,M98:U98,0)),1,0) | BQ98: =IF(BP98=1,0,BQ97+1) | BR98: =(COUNTIF(V98:AD98,1)>0)+(COUNTIF(V98:AD98,2)>0)+(COUNTIF(V98:AD98,3)>0)+(COUNTIF(V98:AD98,4)>0)+(COUNTIF(V98:AD98,5)>0)+(COUNTIF(V98:AD98,6)>0)+(COUNTIF(V98:AD98,7)>0)+(COUNTIF(V98:AD98,8)>0)+(COUNTIF(V98:AD98,9)>0)+(COUNTIF(V98:AD98,10)>0)+(COUNTIF(V98:AD98,11)>0)+(COUNTIF(V98:AD98,12)>0)+(COUNTIF(V98:AD98,13)>0)+(COUNTIF(V98:AD98,14)>0)+(COUNTIF(V98:AD98,15)>0)+(COUNTIF(V98:AD98,16)>0)+(COUNTIF(V98:AD98,17)>0)+(COUNTIF(V98:AD98,18)>0)+(COUNTIF(V98:AD98,19)>0)+(COUNTIF(V98:AD98,20)>0) | BS98: =IF(ISNUMBER(MATCH($B98,V98:AD98,0)),1,0) | BT98: =IF(BS98=1,0,BT97+1) | BU98: =(COUNTIF(AE98:AN98,1)>0)+(COUNTIF(AE98:AN98,2)>0)+(COUNTIF(AE98:AN98,3)>0)+(COUNTIF(AE98:AN98,4)>0)+(COUNTIF(AE98:AN98,5)>0)+(COUNTIF(AE98:AN98,6)>0)+(COUNTIF(AE98:AN98,7)>0)+(COUNTIF(AE98:AN98,8)>0)+(COUNTIF(AE98:AN98,9)>0)+(COUNTIF(AE98:AN98,10)>0)+(COUNTIF(AE98:AN98,11)>0)+(COUNTIF(AE98:AN98,12)>0)+(COUNTIF(AE98:AN98,13)>0)+(COUNTIF(AE98:AN98,14)>0)+(COUNTIF(AE98:AN98,15)>0)+(COUNTIF(AE98:AN98,16)>0)+(COUNTIF(AE98:AN98,17)>0)+(COUNTIF(AE98:AN98,18)>0)+(COUNTIF(AE98:AN98,19)>0)+(COUNTIF(AE98:AN98,20)>0) | BV98: =IF(ISNUMBER(MATCH($B98,AE98:AN98,0)),1,0) | BW98: =IF(BV98=1,0,BW97+1) | BX98: =(COUNTIF(AO98:AY98,1)>0)+(COUNTIF(AO98:AY98,2)>0)+(COUNTIF(AO98:AY98,3)>0)+(COUNTIF(AO98:AY98,4)>0)+(COUNTIF(AO98:AY98,5)>0)+(COUNTIF(AO98:AY98,6)>0)+(COUNTIF(AO98:AY98,7)>0)+(COUNTIF(AO98:AY98,8)>0)+(COUNTIF(AO98:AY98,9)>0)+(COUNTIF(AO98:AY98,10)>0)+(COUNTIF(AO98:AY98,11)>0)+(COUNTIF(AO98:AY98,12)>0)+(COUNTIF(AO98:AY98,13)>0)+(COUNTIF(AO98:AY98,14)>0)+(COUNTIF(AO98:AY98,15)>0)+(COUNTIF(AO98:AY98,16)>0)+(COUNTIF(AO98:AY98,17)>0)+(COUNTIF(AO98:AY98,18)>0)+(COUNTIF(AO98:AY98,19)>0)+(COUNTIF(AO98:AY98,20)>0) | BY98: =IF(ISNUMBER(MATCH($B98,AO98:AY98,0)),1,0) | BZ98: =IF(BY98=1,0,BZ97+1) | CA98: =(COUNTIF(AZ98:BK98,1)>0)+(COUNTIF(AZ98:BK98,2)>0)+(COUNTIF(AZ98:BK98,3)>0)+(COUNTIF(AZ98:BK98,4)>0)+(COUNTIF(AZ98:BK98,5)>0)+(COUNTIF(AZ98:BK98,6)>0)+(COUNTIF(AZ98:BK98,7)>0)+(COUNTIF(AZ98:BK98,8)>0)+(COUNTIF(AZ98:BK98,9)>0)+(COUNTIF(AZ98:BK98,10)>0)+(COUNTIF(AZ98:BK98,11)>0)+(COUNTIF(AZ98:BK98,12)>0)+(COUNTIF(AZ98:BK98,13)>0)+(COUNTIF(AZ98:BK98,14)>0)+(COUNTIF(AZ98:BK98,15)>0)+(COUNTIF(AZ98:BK98,16)>0)+(COUNTIF(AZ98:BK98,17)>0)+(COUNTIF(AZ98:BK98,18)>0)+(COUNTIF(AZ98:BK98,19)>0)+(COUNTIF(AZ98:BK98,20)>0) | CB98: =IF(ISNUMBER(MATCH($B98,AZ98:BK98,0)),1,0) | CC98: =IF(CB98=1,0,CC97+1)
A99: 2026-09-30 17:00 | B99: 10 | C99: 1 | D99: 12 | E99: 17 | F99: 20 | G99: 13 | H99: 20 | I99: 9 | J99: 4 | K99: 10 | L99: 6 | M99: 13 | N99: 11 | O99: 18 | P99: 3 | Q99: 15 | R99: 2 | S99: 7 | T99: 8 | U99: 19 | V99: 1 | W99: 12 | X99: 17 | Y99: 20 | Z99: 13 | AA99: 9 | AB99: 4 | AC99: 10 | AD99: 6 | AE99: 1 | AF99: 12 | AG99: 17 | AH99: 20 | AI99: 13 | AJ99: 9 | AK99: 4 | AL99: 10 | AM99: 6 | AN99: 11 | AO99: 1 | AP99: 12 | AQ99: 17 | AR99: 20 | AS99: 13 | AT99: 9 | AU99: 4 | AV99: 10 | AW99: 6 | AX99: 11 | AY99: 18 | AZ99: 1 | BA99: 12 | BB99: 17 | BC99: 20 | BD99: 13 | BE99: 9 | BF99: 4 | BG99: 10 | BH99: 6 | BI99: 11 | BJ99: 18 | BK99: 3 | BL99: =(COUNTIF(C99:L99,1)>0)+(COUNTIF(C99:L99,2)>0)+(COUNTIF(C99:L99,3)>0)+(COUNTIF(C99:L99,4)>0)+(COUNTIF(C99:L99,5)>0)+(COUNTIF(C99:L99,6)>0)+(COUNTIF(C99:L99,7)>0)+(COUNTIF(C99:L99,8)>0)+(COUNTIF(C99:L99,9)>0)+(COUNTIF(C99:L99,10)>0)+(COUNTIF(C99:L99,11)>0)+(COUNTIF(C99:L99,12)>0)+(COUNTIF(C99:L99,13)>0)+(COUNTIF(C99:L99,14)>0)+(COUNTIF(C99:L99,15)>0)+(COUNTIF(C99:L99,16)>0)+(COUNTIF(C99:L99,17)>0)+(COUNTIF(C99:L99,18)>0)+(COUNTIF(C99:L99,19)>0)+(COUNTIF(C99:L99,20)>0) | BM99: =IF(ISNUMBER(MATCH($B99,C99:L99,0)),1,0) | BN99: =IF(BM99=1,0,BN98+1) | BO99: =(COUNTIF(M99:U99,1)>0)+(COUNTIF(M99:U99,2)>0)+(COUNTIF(M99:U99,3)>0)+(COUNTIF(M99:U99,4)>0)+(COUNTIF(M99:U99,5)>0)+(COUNTIF(M99:U99,6)>0)+(COUNTIF(M99:U99,7)>0)+(COUNTIF(M99:U99,8)>0)+(COUNTIF(M99:U99,9)>0)+(COUNTIF(M99:U99,10)>0)+(COUNTIF(M99:U99,11)>0)+(COUNTIF(M99:U99,12)>0)+(COUNTIF(M99:U99,13)>0)+(COUNTIF(M99:U99,14)>0)+(COUNTIF(M99:U99,15)>0)+(COUNTIF(M99:U99,16)>0)+(COUNTIF(M99:U99,17)>0)+(COUNTIF(M99:U99,18)>0)+(COUNTIF(M99:U99,19)>0)+(COUNTIF(M99:U99,20)>0) | BP99: =IF(ISNUMBER(MATCH($B99,M99:U99,0)),1,0) | BQ99: =IF(BP99=1,0,BQ98+1) | BR99: =(COUNTIF(V99:AD99,1)>0)+(COUNTIF(V99:AD99,2)>0)+(COUNTIF(V99:AD99,3)>0)+(COUNTIF(V99:AD99,4)>0)+(COUNTIF(V99:AD99,5)>0)+(COUNTIF(V99:AD99,6)>0)+(COUNTIF(V99:AD99,7)>0)+(COUNTIF(V99:AD99,8)>0)+(COUNTIF(V99:AD99,9)>0)+(COUNTIF(V99:AD99,10)>0)+(COUNTIF(V99:AD99,11)>0)+(COUNTIF(V99:AD99,12)>0)+(COUNTIF(V99:AD99,13)>0)+(COUNTIF(V99:AD99,14)>0)+(COUNTIF(V99:AD99,15)>0)+(COUNTIF(V99:AD99,16)>0)+(COUNTIF(V99:AD99,17)>0)+(COUNTIF(V99:AD99,18)>0)+(COUNTIF(V99:AD99,19)>0)+(COUNTIF(V99:AD99,20)>0) | BS99: =IF(ISNUMBER(MATCH($B99,V99:AD99,0)),1,0) | BT99: =IF(BS99=1,0,BT98+1) | BU99: =(COUNTIF(AE99:AN99,1)>0)+(COUNTIF(AE99:AN99,2)>0)+(COUNTIF(AE99:AN99,3)>0)+(COUNTIF(AE99:AN99,4)>0)+(COUNTIF(AE99:AN99,5)>0)+(COUNTIF(AE99:AN99,6)>0)+(COUNTIF(AE99:AN99,7)>0)+(COUNTIF(AE99:AN99,8)>0)+(COUNTIF(AE99:AN99,9)>0)+(COUNTIF(AE99:AN99,10)>0)+(COUNTIF(AE99:AN99,11)>0)+(COUNTIF(AE99:AN99,12)>0)+(COUNTIF(AE99:AN99,13)>0)+(COUNTIF(AE99:AN99,14)>0)+(COUNTIF(AE99:AN99,15)>0)+(COUNTIF(AE99:AN99,16)>0)+(COUNTIF(AE99:AN99,17)>0)+(COUNTIF(AE99:AN99,18)>0)+(COUNTIF(AE99:AN99,19)>0)+(COUNTIF(AE99:AN99,20)>0) | BV99: =IF(ISNUMBER(MATCH($B99,AE99:AN99,0)),1,0) | BW99: =IF(BV99=1,0,BW98+1) | BX99: =(COUNTIF(AO99:AY99,1)>0)+(COUNTIF(AO99:AY99,2)>0)+(COUNTIF(AO99:AY99,3)>0)+(COUNTIF(AO99:AY99,4)>0)+(COUNTIF(AO99:AY99,5)>0)+(COUNTIF(AO99:AY99,6)>0)+(COUNTIF(AO99:AY99,7)>0)+(COUNTIF(AO99:AY99,8)>0)+(COUNTIF(AO99:AY99,9)>0)+(COUNTIF(AO99:AY99,10)>0)+(COUNTIF(AO99:AY99,11)>0)+(COUNTIF(AO99:AY99,12)>0)+(COUNTIF(AO99:AY99,13)>0)+(COUNTIF(AO99:AY99,14)>0)+(COUNTIF(AO99:AY99,15)>0)+(COUNTIF(AO99:AY99,16)>0)+(COUNTIF(AO99:AY99,17)>0)+(COUNTIF(AO99:AY99,18)>0)+(COUNTIF(AO99:AY99,19)>0)+(COUNTIF(AO99:AY99,20)>0) | BY99: =IF(ISNUMBER(MATCH($B99,AO99:AY99,0)),1,0) | BZ99: =IF(BY99=1,0,BZ98+1) | CA99: =(COUNTIF(AZ99:BK99,1)>0)+(COUNTIF(AZ99:BK99,2)>0)+(COUNTIF(AZ99:BK99,3)>0)+(COUNTIF(AZ99:BK99,4)>0)+(COUNTIF(AZ99:BK99,5)>0)+(COUNTIF(AZ99:BK99,6)>0)+(COUNTIF(AZ99:BK99,7)>0)+(COUNTIF(AZ99:BK99,8)>0)+(COUNTIF(AZ99:BK99,9)>0)+(COUNTIF(AZ99:BK99,10)>0)+(COUNTIF(AZ99:BK99,11)>0)+(COUNTIF(AZ99:BK99,12)>0)+(COUNTIF(AZ99:BK99,13)>0)+(COUNTIF(AZ99:BK99,14)>0)+(COUNTIF(AZ99:BK99,15)>0)+(COUNTIF(AZ99:BK99,16)>0)+(COUNTIF(AZ99:BK99,17)>0)+(COUNTIF(AZ99:BK99,18)>0)+(COUNTIF(AZ99:BK99,19)>0)+(COUNTIF(AZ99:BK99,20)>0) | CB99: =IF(ISNUMBER(MATCH($B99,AZ99:BK99,0)),1,0) | CC99: =IF(CB99=1,0,CC98+1)
A100: 2026-09-30 18:00 | B100: 4 | C100: 12 | D100: 16 | E100: 19 | F100: 12 | G100: 13 | H100: 8 | I100: 9 | J100: 4 | K100: 14 | L100: 9 | M100: 13 | N100: 7 | O100: 20 | P100: 17 | Q100: 8 | R100: 6 | S100: 3 | T100: 2 | U100: 18 | V100: 12 | W100: 16 | X100: 19 | Y100: 13 | Z100: 8 | AA100: 9 | AB100: 4 | AC100: 14 | AD100: 7 | AE100: 12 | AF100: 16 | AG100: 19 | AH100: 13 | AI100: 8 | AJ100: 9 | AK100: 4 | AL100: 14 | AM100: 7 | AN100: 20 | AO100: 12 | AP100: 16 | AQ100: 19 | AR100: 13 | AS100: 8 | AT100: 9 | AU100: 4 | AV100: 14 | AW100: 7 | AX100: 20 | AY100: 17 | AZ100: 12 | BA100: 16 | BB100: 19 | BC100: 13 | BD100: 8 | BE100: 9 | BF100: 4 | BG100: 14 | BH100: 7 | BI100: 20 | BJ100: 17 | BK100: 6 | BL100: =(COUNTIF(C100:L100,1)>0)+(COUNTIF(C100:L100,2)>0)+(COUNTIF(C100:L100,3)>0)+(COUNTIF(C100:L100,4)>0)+(COUNTIF(C100:L100,5)>0)+(COUNTIF(C100:L100,6)>0)+(COUNTIF(C100:L100,7)>0)+(COUNTIF(C100:L100,8)>0)+(COUNTIF(C100:L100,9)>0)+(COUNTIF(C100:L100,10)>0)+(COUNTIF(C100:L100,11)>0)+(COUNTIF(C100:L100,12)>0)+(COUNTIF(C100:L100,13)>0)+(COUNTIF(C100:L100,14)>0)+(COUNTIF(C100:L100,15)>0)+(COUNTIF(C100:L100,16)>0)+(COUNTIF(C100:L100,17)>0)+(COUNTIF(C100:L100,18)>0)+(COUNTIF(C100:L100,19)>0)+(COUNTIF(C100:L100,20)>0) | BM100: =IF(ISNUMBER(MATCH($B100,C100:L100,0)),1,0) | BN100: =IF(BM100=1,0,BN99+1) | BO100: =(COUNTIF(M100:U100,1)>0)+(COUNTIF(M100:U100,2)>0)+(COUNTIF(M100:U100,3)>0)+(COUNTIF(M100:U100,4)>0)+(COUNTIF(M100:U100,5)>0)+(COUNTIF(M100:U100,6)>0)+(COUNTIF(M100:U100,7)>0)+(COUNTIF(M100:U100,8)>0)+(COUNTIF(M100:U100,9)>0)+(COUNTIF(M100:U100,10)>0)+(COUNTIF(M100:U100,11)>0)+(COUNTIF(M100:U100,12)>0)+(COUNTIF(M100:U100,13)>0)+(COUNTIF(M100:U100,14)>0)+(COUNTIF(M100:U100,15)>0)+(COUNTIF(M100:U100,16)>0)+(COUNTIF(M100:U100,17)>0)+(COUNTIF(M100:U100,18)>0)+(COUNTIF(M100:U100,19)>0)+(COUNTIF(M100:U100,20)>0) | BP100: =IF(ISNUMBER(MATCH($B100,M100:U100,0)),1,0) | BQ100: =IF(BP100=1,0,BQ99+1) | BR100: =(COUNTIF(V100:AD100,1)>0)+(COUNTIF(V100:AD100,2)>0)+(COUNTIF(V100:AD100,3)>0)+(COUNTIF(V100:AD100,4)>0)+(COUNTIF(V100:AD100,5)>0)+(COUNTIF(V100:AD100,6)>0)+(COUNTIF(V100:AD100,7)>0)+(COUNTIF(V100:AD100,8)>0)+(COUNTIF(V100:AD100,9)>0)+(COUNTIF(V100:AD100,10)>0)+(COUNTIF(V100:AD100,11)>0)+(COUNTIF(V100:AD100,12)>0)+(COUNTIF(V100:AD100,13)>0)+(COUNTIF(V100:AD100,14)>0)+(COUNTIF(V100:AD100,15)>0)+(COUNTIF(V100:AD100,16)>0)+(COUNTIF(V100:AD100,17)>0)+(COUNTIF(V100:AD100,18)>0)+(COUNTIF(V100:AD100,19)>0)+(COUNTIF(V100:AD100,20)>0) | BS100: =IF(ISNUMBER(MATCH($B100,V100:AD100,0)),1,0) | BT100: =IF(BS100=1,0,BT99+1) | BU100: =(COUNTIF(AE100:AN100,1)>0)+(COUNTIF(AE100:AN100,2)>0)+(COUNTIF(AE100:AN100,3)>0)+(COUNTIF(AE100:AN100,4)>0)+(COUNTIF(AE100:AN100,5)>0)+(COUNTIF(AE100:AN100,6)>0)+(COUNTIF(AE100:AN100,7)>0)+(COUNTIF(AE100:AN100,8)>0)+(COUNTIF(AE100:AN100,9)>0)+(COUNTIF(AE100:AN100,10)>0)+(COUNTIF(AE100:AN100,11)>0)+(COUNTIF(AE100:AN100,12)>0)+(COUNTIF(AE100:AN100,13)>0)+(COUNTIF(AE100:AN100,14)>0)+(COUNTIF(AE100:AN100,15)>0)+(COUNTIF(AE100:AN100,16)>0)+(COUNTIF(AE100:AN100,17)>0)+(COUNTIF(AE100:AN100,18)>0)+(COUNTIF(AE100:AN100,19)>0)+(COUNTIF(AE100:AN100,20)>0) | BV100: =IF(ISNUMBER(MATCH($B100,AE100:AN100,0)),1,0) | BW100: =IF(BV100=1,0,BW99+1) | BX100: =(COUNTIF(AO100:AY100,1)>0)+(COUNTIF(AO100:AY100,2)>0)+(COUNTIF(AO100:AY100,3)>0)+(COUNTIF(AO100:AY100,4)>0)+(COUNTIF(AO100:AY100,5)>0)+(COUNTIF(AO100:AY100,6)>0)+(COUNTIF(AO100:AY100,7)>0)+(COUNTIF(AO100:AY100,8)>0)+(COUNTIF(AO100:AY100,9)>0)+(COUNTIF(AO100:AY100,10)>0)+(COUNTIF(AO100:AY100,11)>0)+(COUNTIF(AO100:AY100,12)>0)+(COUNTIF(AO100:AY100,13)>0)+(COUNTIF(AO100:AY100,14)>0)+(COUNTIF(AO100:AY100,15)>0)+(COUNTIF(AO100:AY100,16)>0)+(COUNTIF(AO100:AY100,17)>0)+(COUNTIF(AO100:AY100,18)>0)+(COUNTIF(AO100:AY100,19)>0)+(COUNTIF(AO100:AY100,20)>0) | BY100: =IF(ISNUMBER(MATCH($B100,AO100:AY100,0)),1,0) | BZ100: =IF(BY100=1,0,BZ99+1) | CA100: =(COUNTIF(AZ100:BK100,1)>0)+(COUNTIF(AZ100:BK100,2)>0)+(COUNTIF(AZ100:BK100,3)>0)+(COUNTIF(AZ100:BK100,4)>0)+(COUNTIF(AZ100:BK100,5)>0)+(COUNTIF(AZ100:BK100,6)>0)+(COUNTIF(AZ100:BK100,7)>0)+(COUNTIF(AZ100:BK100,8)>0)+(COUNTIF(AZ100:BK100,9)>0)+(COUNTIF(AZ100:BK100,10)>0)+(COUNTIF(AZ100:BK100,11)>0)+(COUNTIF(AZ100:BK100,12)>0)+(COUNTIF(AZ100:BK100,13)>0)+(COUNTIF(AZ100:BK100,14)>0)+(COUNTIF(AZ100:BK100,15)>0)+(COUNTIF(AZ100:BK100,16)>0)+(COUNTIF(AZ100:BK100,17)>0)+(COUNTIF(AZ100:BK100,18)>0)+(COUNTIF(AZ100:BK100,19)>0)+(COUNTIF(AZ100:BK100,20)>0) | CB100: =IF(ISNUMBER(MATCH($B100,AZ100:BK100,0)),1,0) | CC100: =IF(CB100=1,0,CC99+1)
